fuente,nombre,categoria,precio_usd,precio_mostrado,moneda,url,pagina
DixGamer,EA SPORTS FC 26 Points 1050 (Xbox),FC Points,12.3,20.603 ARS,ARS,https://dixgamer.com/shop/tarjetas/xbox/ea-sports-fc-26-points-1050-xbox/,1
DixGamer,EA SPORTS FC 26 Points 2800 (Xbox),FC Points,28.6,47.905 ARS,ARS,https://dixgamer.com/shop/tarjetas/xbox/ea-sports-fc-26-points-2800-xbox/,1
DixGamer,EA SPORTS FC 26 Points 5900 (Xbox),FC Points,55.4,92.795 ARS,ARS,https://dixgamer.com/shop/tarjetas/xbox/ea-sports-fc-26-points-5900-xbox/,1
DixGamer,EA SPORTS FC 26 Points 500 (PlayStation),FC Points,8.5,14.238 ARS,ARS,https://dixgamer.com/shop/tarjetas/ps/ea-sports-fc-26-points-500-playstation/,1
DixGamer,EA SPORTS FC 26 Points 5900 (PlayStation),FC Points,59.8,100.165 ARS,ARS,https://dixgamer.com/shop/tarjetas/ps/ea-sports-fc-26-points-5900-playstation/,1
DixGamer,EA SPORTS FC 26 Points 2800 (PlayStation),FC Points,30.4,50.920 ARS,ARS,https://dixgamer.com/shop/tarjetas/ps/ea-sports-fc-26-points-2800-playstation/,1
DixGamer,EA SPORTS FC 26 Points 1050 (PlayStation),FC Points,15.4,25.795 ARS,ARS,https://dixgamer.com/shop/tarjetas/ps/ea-sports-fc-26-points-1050-playstation/,1
DixGamer,Combo Pases de Batalla,Fortnite,33.6,56.280 ARS,ARS,https://dixgamer.com/shop/tarjetas/fortnite/combo-pases-de-batalla/,1
DixGamer,Pase de Origenes 800 paVos,Fortnite,13.5,22.613 ARS,ARS,https://dixgamer.com/shop/tarjetas/fortnite/pase-de-origenes/,1
DixGamer,Pase de Batalla Fortnite 800 paVos,Fortnite,13.5,22.613 ARS,ARS,https://dixgamer.com/shop/tarjetas/fortnite/pase-de-batalla-fortnite/,1
DixGamer,12500 paVos Fortnite,Fortnite,110.9,185.758 ARS,ARS,https://dixgamer.com/shop/tarjetas/fortnite/12500-pavos-fortnite/,1
DixGamer,4500 paVos Fortnite,Fortnite,51.1,85.593 ARS,ARS,https://dixgamer.com/shop/tarjetas/fortnite/4500-pavos-fortnite/,1
DixGamer,2400 paVos Fortnite,Fortnite,33.6,56.280 ARS,ARS,https://dixgamer.com/shop/tarjetas/fortnite/2400-pavos-fortnite/,1
DixGamer,800 paVos Fortnite,Fortnite,13.5,22.613 ARS,ARS,https://dixgamer.com/shop/tarjetas/fortnite/800-pavos-fortnite/,1
DixGamer,Nintendo eShop Gift Card 60 usd,Nintendo,68.5,239.836 COP,COP,https://dixgamer.com/shop/tarjetas/nintendo/nintendo-eshop-gift-card-60-usd/,1
DixGamer,Nintendo eShop Gift Card 30 usd,Nintendo,34.8,121.844 COP,COP,https://dixgamer.com/shop/tarjetas/nintendo/nintendo-eshop-gift-card-30-usd/,1
DixGamer,Nintendo eShop Gift Card 70 usd,Nintendo,79.8,279.400 COP,COP,https://dixgamer.com/shop/tarjetas/nintendo/nintendo-eshop-gift-card-70-usd/,1
DixGamer,Nintendo eShop Gift Card 50 usd,Nintendo,57.3,200.622 COP,COP,https://dixgamer.com/shop/tarjetas/nintendo/nintendo-eshop-gift-card-50-usd/,1
DixGamer,Nintendo eShop Gift Card 45 usd,Nintendo,51.7,181.015 COP,COP,https://dixgamer.com/shop/tarjetas/nintendo/nintendo-eshop-gift-card-45-usd/,1
DixGamer,Nintendo eShop Gift Card 35 usd,Nintendo,40.4,141.451 COP,COP,https://dixgamer.com/shop/tarjetas/nintendo/nintendo-eshop-gift-card-35-usd/,1
DixGamer,Nintendo eShop Gift Card 10 usd,Nintendo,12.3,43.065 COP,COP,https://dixgamer.com/shop/tarjetas/nintendo/nintendo-eshop-gift-card-10-usd/,1
DixGamer,Nintendo eShop Gift Card 20 usd,Nintendo,23.6,82.630 COP,COP,https://dixgamer.com/shop/tarjetas/nintendo/nintendo-eshop-gift-card-20-usd/,1
DixGamer,EA SPORTS FC 26 Points 500 (PlayStation),FC Points,8.5,51.813 PYG,PYG,https://dixgamer.com/shop/tarjetas/ps/ea-sports-fc-26-points-500-playstation/,1
DixGamer,EA SPORTS FC 26 Points 5900 (PlayStation),FC Points,59.8,364.519 PYG,PYG,https://dixgamer.com/shop/tarjetas/ps/ea-sports-fc-26-points-5900-playstation/,1
DixGamer,EA SPORTS FC 26 Points 2800 (PlayStation),FC Points,30.4,185.308 PYG,PYG,https://dixgamer.com/shop/tarjetas/ps/ea-sports-fc-26-points-2800-playstation/,1
DixGamer,EA SPORTS FC 26 Points 1050 (PlayStation),FC Points,15.4,93.873 PYG,PYG,https://dixgamer.com/shop/tarjetas/ps/ea-sports-fc-26-points-1050-playstation/,1
DixGamer,Plus Extra 3 Meses,PlayStation,57.9,352.938 PYG,PYG,https://dixgamer.com/shop/tarjetas/ps/plus-extra-3-meses/,1
DixGamer,Plus Essential 1 Mes,PlayStation,16.7,101.797 PYG,PYG,https://dixgamer.com/shop/tarjetas/ps/plus-1-mes/,1
DixGamer,Plus Essential 3 Meses,PlayStation,34.8,212.128 PYG,PYG,https://dixgamer.com/shop/tarjetas/ps/plus-3-meses/,1
DixGamer,Plus Essential 12 Meses Cuenta PS4,PlayStation,21.00,128.009 PYG,PYG,https://dixgamer.com/shop/tarjetas/ps/plus-12-meses-slot/,1
DixGamer,Plus Essential 12 Meses,PlayStation,97.2,592.497 PYG,PYG,https://dixgamer.com/shop/tarjetas/ps/plus-12-meses/,1
DixGamer,Plus Essential 12 Meses Cuenta PS5,PlayStation,21.00,128.009 PYG,PYG,https://dixgamer.com/shop/tarjetas/ps/plus-12-meses-slot-ps5/,1
DixGamer,Plus Extra 12 Meses Cuenta PS5,PlayStation,120.00,731.477 PYG,PYG,https://dixgamer.com/shop/tarjetas/ps/plus-extra-12-meses-slot-ps5/,1
DixGamer,Plus Extra 12 Meses Cuenta PS4,PlayStation,100.00,609.564 PYG,PYG,https://dixgamer.com/shop/tarjetas/ps/plus-extra-12-meses-slot-ps4/,1
DixGamer,Gift Card 40 usd,PlayStation,51.7,315.145 PYG,PYG,https://dixgamer.com/shop/tarjetas/ps/gift-card-40-usd/,1
DixGamer,Gift Card 30 usd,PlayStation,39.2,238.949 PYG,PYG,https://dixgamer.com/shop/tarjetas/ps/gift-card-30-usd/,1
DixGamer,Gift Card 25 usd,PlayStation,30.4,185.308 PYG,PYG,https://dixgamer.com/shop/tarjetas/ps/gift-card-25-usd/,1
DixGamer,Gift Card 100 usd,PlayStation,117.7,717.457 PYG,PYG,https://dixgamer.com/shop/tarjetas/ps/gift-card-100-usd/,1
DixGamer,Gift Card 75 usd,PlayStation,89.1,543.122 PYG,PYG,https://dixgamer.com/shop/tarjetas/ps/gift-card-75-usd/,1
DixGamer,Gift Card 60 usd,PlayStation,72.3,440.715 PYG,PYG,https://dixgamer.com/shop/tarjetas/ps/gift-card-60-usd/,1
DixGamer,Gift Card 50 usd,PlayStation,59.8,364.519 PYG,PYG,https://dixgamer.com/shop/tarjetas/ps/gift-card-50-usd/,1
DixGamer,Gift Card 20 usd,PlayStation,30.4,185.308 PYG,PYG,https://dixgamer.com/shop/tarjetas/ps/gift-card-20-usd/,1
DixGamer,Gift Card 10 usd,PlayStation,14.2,86.558 PYG,PYG,https://dixgamer.com/shop/tarjetas/ps/gift-card-10-usd/,1
DixGamer,Razer Gold USD 50,Razer Gold,60.4,101.170 ARS,ARS,https://dixgamer.com/shop/tarjetas/razer-gold/razer-gold-usd-50/,1
DixGamer,Razer Gold USD 25,Razer Gold,31.1,52.093 ARS,ARS,https://dixgamer.com/shop/tarjetas/razer-gold/razer-gold-usd-25/,1
DixGamer,Razer Gold USD 20,Razer Gold,24.8,41.540 ARS,ARS,https://dixgamer.com/shop/tarjetas/razer-gold/razer-gold-usd-20/,1
DixGamer,Razer Gold USD 10,Razer Gold,12.9,21.608 ARS,ARS,https://dixgamer.com/shop/tarjetas/razer-gold/razer-gold-usd-10/,1
DixGamer,Razer Gold USD 5,Razer Gold,8,13.400 ARS,ARS,https://dixgamer.com/shop/tarjetas/razer-gold/razer-gold-usd-5/,1
DixGamer,Steam Wallet Code 50 USD,Steam,66,110.550 ARS,ARS,https://dixgamer.com/shop/tarjetas/steam/steam-wallet-code-50-usd/,1
DixGamer,Steam Wallet Code 30 USD,Steam,39.8,66.665 ARS,ARS,https://dixgamer.com/shop/tarjetas/steam/steam-wallet-code-30-usd/,1
DixGamer,Steam Wallet Code 25 USD,Steam,34.8,58.290 ARS,ARS,https://dixgamer.com/shop/tarjetas/steam/steam-wallet-code-25-usd/,1
DixGamer,Steam Wallet Code 20 USD,Steam,27.9,46.733 ARS,ARS,https://dixgamer.com/shop/tarjetas/steam/steam-wallet-code-20-usd/,1
DixGamer,Steam Wallet Code 10 USD,Steam,14.8,24.790 ARS,ARS,https://dixgamer.com/shop/tarjetas/steam/steam-wallet-code-10-usd/,1
DixGamer,Steam Wallet Code 5 USD,Steam,8,13.400 ARS,ARS,https://dixgamer.com/shop/tarjetas/steam/steam-wallet-code-5-usd/,1
DixGamer,Xbox EA Play 12 Meses (USA),Xbox,47.9,896 MXN,MXN,https://dixgamer.com/shop/tarjetas/xbox/xbox-ea-play-12-meses-usa/,1
DixGamer,Xbox EA Play 12 Meses (Global),Xbox,47.9,896 MXN,MXN,https://dixgamer.com/shop/tarjetas/xbox/xbox-ea-play-12-meses-global/,1
DixGamer,Xbox EA Play 1 Mes (Global),Xbox,8.5,159 MXN,MXN,https://dixgamer.com/shop/tarjetas/xbox/xbox-ea-play-1-mes-global/,1
DixGamer,EA SPORTS FC 26 Points 1050 (Xbox),FC Points,12.3,230 MXN,MXN,https://dixgamer.com/shop/tarjetas/xbox/ea-sports-fc-26-points-1050-xbox/,1
DixGamer,EA SPORTS FC 26 Points 2800 (Xbox),FC Points,28.6,535 MXN,MXN,https://dixgamer.com/shop/tarjetas/xbox/ea-sports-fc-26-points-2800-xbox/,1
DixGamer,EA SPORTS FC 26 Points 5900 (Xbox),FC Points,55.4,1.036 MXN,MXN,https://dixgamer.com/shop/tarjetas/xbox/ea-sports-fc-26-points-5900-xbox/,1
DixGamer,Xbox Game Pass Ultimate 3 meses,Xbox,76,1.421 MXN,MXN,https://dixgamer.com/shop/tarjetas/xbox/xbox-game-pass-ultimate-3-meses/,1
DixGamer,Xbox Game Pass Ultimate 1 mes,Xbox,25.4,475 MXN,MXN,https://dixgamer.com/shop/tarjetas/xbox/xbox-game-pass-ultimate-1-mes/,1
DixGamer,Xbox Game Pass Essential 1 mes,Xbox,12.3,230 MXN,MXN,https://dixgamer.com/shop/tarjetas/xbox/xbox-game-pass-essential-1-mes/,1
DixGamer,Xbox Game Pass Essential 12 Meses,Xbox,88.5,1.655 MXN,MXN,https://dixgamer.com/shop/tarjetas/xbox/xbox-game-pass-essential-12-meses/,1
DixGamer,Xbox Game Pass Essential 3 Meses,Xbox,28.6,535 MXN,MXN,https://dixgamer.com/shop/tarjetas/xbox/xbox-game-pass-essential-3-meses/,1
DixGamer,Xbox Live Cash 70 usd,Xbox,81.6,1.526 MXN,MXN,https://dixgamer.com/shop/tarjetas/xbox/xbox-live-cash-70-usd/,1
DixGamer,Xbox Live Cash 60 usd,Xbox,70.4,1.316 MXN,MXN,https://dixgamer.com/shop/tarjetas/xbox/xbox-live-cash-60-usd/,1
DixGamer,Xbox Live Cash 50 usd,Xbox,58.5,1.094 MXN,MXN,https://dixgamer.com/shop/tarjetas/xbox/xbox-live-cash-50-usd/,1
DixGamer,Xbox Live Cash 40 usd,Xbox,47.3,884 MXN,MXN,https://dixgamer.com/shop/tarjetas/xbox/xbox-live-cash-40-usd/,1
DixGamer,Xbox Live Cash 30 usd,Xbox,36.1,675 MXN,MXN,https://dixgamer.com/shop/tarjetas/xbox/xbox-live-cash-30-usd/,1
DixGamer,Xbox Live Cash 25 usd,Xbox,29.8,557 MXN,MXN,https://dixgamer.com/shop/tarjetas/xbox/xbox-live-cash-25-usd/,1
DixGamer,Xbox Live Cash 20 usd,Xbox,24.2,452 MXN,MXN,https://dixgamer.com/shop/tarjetas/xbox/xbox-live-cash-20-usd/,1
DixGamer,Xbox Live Cash 15 usd,Xbox,18.5,346 MXN,MXN,https://dixgamer.com/shop/tarjetas/xbox/xbox-live-cash-15-usd/,1
DixGamer,Xbox Live Cash 10 usd,Xbox,12.9,241 MXN,MXN,https://dixgamer.com/shop/tarjetas/xbox/xbox-live-cash-10-usd/,1
DixGamer,Oferta Combo Crash Bandicoot,Aventura,24.00,"22,15 EUR",EUR,https://dixgamer.com/shop/juegos/ps3/aventura-ps3/oferta-combo-crash-bandicoot/,1
DixGamer,Oferta Combo Call of Duty,Acción,83.40,"76,96 EUR",EUR,https://dixgamer.com/shop/juegos/ps3/accion-ps3/oferta-combo-call-of-duty/,1
DixGamer,Oferta Combo Battlefield,Acción,35.10,"32,39 EUR",EUR,https://dixgamer.com/shop/juegos/ps3/accion-ps3/oferta-combo-battlefield/,1
DixGamer,Silent Hill,Acción,8,"7,38 EUR",EUR,https://dixgamer.com/shop/juegos/ps3/accion-ps3/silent-hill/,1
DixGamer,Metal Gear Solid,Acción,8,"7,38 EUR",EUR,https://dixgamer.com/shop/juegos/ps3/accion-ps3/metal-gear-solid/,1
DixGamer,Ultra Street Fighter IV,Acción,14.4,"13,29 EUR",EUR,https://dixgamer.com/shop/juegos/ps3/accion-ps3/ultra-street-fighter-iv/,1
DixGamer,Metal Slug 3,Acción,9,"8,31 EUR",EUR,https://dixgamer.com/shop/juegos/ps3/accion-ps3/metal-slug-3/,1
DixGamer,Crash Bandicoot 3 WARPED,Infantiles,8,"7,38 EUR",EUR,https://dixgamer.com/shop/juegos/ps3/infantiles-ps3/crash-bandicoot-3-warped/,1
DixGamer,Crash Bandicoot 2,Infantiles,8,"7,38 EUR",EUR,https://dixgamer.com/shop/juegos/ps3/infantiles-ps3/crash-bandicoot-2/,1
DixGamer,Crash Bandicoot,Infantiles,8,"7,38 EUR",EUR,https://dixgamer.com/shop/juegos/ps3/infantiles-ps3/crash-bandicoot/,1
DixGamer,Rayman Legends,Infantiles,9,"8,31 EUR",EUR,https://dixgamer.com/shop/juegos/ps3/infantiles-ps3/rayman-legends/,1
DixGamer,Demons Souls,Rol,11.7,"10,80 EUR",EUR,https://dixgamer.com/shop/juegos/ps3/rol-ps3/demons-souls/,1
DixGamer,Sniper Elite 3,Acción,15.82,"14,60 EUR",EUR,https://dixgamer.com/shop/juegos/ps3/accion-ps3/sniper-elite-3/,1
DixGamer,CTR Crash Team Racing,Conducción,8,"7,38 EUR",EUR,https://dixgamer.com/shop/juegos/ps3/infantiles-ps3/ctr-crash-team-racing/,1
DixGamer,Bayonetta,Acción,11.7,"10,80 EUR",EUR,https://dixgamer.com/shop/juegos/ps3/accion-ps3/bayonetta/,1
DixGamer,Tom Clancys Ghost Recon Future Soldier,Acción,12.87,"11,88 EUR",EUR,https://dixgamer.com/shop/juegos/ps3/accion-ps3/tom-clancys-ghost-recon-future-soldier/,1
DixGamer,Shadow of the Colossus,Acción,8,"7,38 EUR",EUR,https://dixgamer.com/shop/juegos/ps3/accion-ps3/shadow-of-the-colossus-2/,1
DixGamer,Farming Simulator 15,Conducción,12.87,"11,88 EUR",EUR,https://dixgamer.com/shop/juegos/ps3/infantiles-ps3/farming-simulator-15/,1
DixGamer,Persona 5,Rol,11.7,"10,80 EUR",EUR,https://dixgamer.com/shop/juegos/ps3/rol-ps3/persona-5/,1
DixGamer,Jak and Daxter Collection,Acción,8,"7,38 EUR",EUR,https://dixgamer.com/shop/juegos/ps3/accion-ps3/jak-and-daxter-collection/,1
DixGamer,Borderlands 2,Acción,8,"7,38 EUR",EUR,https://dixgamer.com/shop/juegos/ps3/accion-ps3/borderlands-2/,1
DixGamer,Saints Row 4 National Treasure Edition,Acción,11.7,"10,80 EUR",EUR,https://dixgamer.com/shop/juegos/ps3/accion-ps3/saints-row-4-national-treasure-edition/,1
DixGamer,Castlevania Lords of Shadow 2,Aventura,22.4,"20,67 EUR",EUR,https://dixgamer.com/shop/juegos/ps3/aventura-ps3/castlevania-lords-of-shadow-2/,1
DixGamer,Dogfight 1942,Acción,8.8,"8,12 EUR",EUR,https://dixgamer.com/shop/juegos/ps3/accion-ps3/dogfight-1942/,1
DixGamer,F1 Race Stars,Conducción,11.7,"10,80 EUR",EUR,https://dixgamer.com/shop/juegos/ps3/infantiles-ps3/f1-race-stars/,1
DixGamer,Metal Gear Solid Hd Collection,Acción,22.4,"20,67 EUR",EUR,https://dixgamer.com/shop/juegos/ps3/accion-ps3/metal-gear-solid-hd-collection/,1
DixGamer,Spec Ops The Line,Acción,17.1,"15,78 EUR",EUR,https://dixgamer.com/shop/juegos/ps3/accion-ps3/spec-ops-the-line/,1
DixGamer,Just Cause 2 Ultimate Edition,Acción,17.1,"15,78 EUR",EUR,https://dixgamer.com/shop/juegos/ps3/accion-ps3/just-cause-2-ultimate-edition/,1
DixGamer,Combo Red Dead Redemption con DLC,Acción,25.1,"23,16 EUR",EUR,https://dixgamer.com/shop/juegos/ps3/accion-ps3/combo-red-dead-redemption-con-dlc/,1
DixGamer,Fifa 19 Legacy Edition,Deportes,33.1,"30,54 EUR",EUR,https://dixgamer.com/shop/juegos/ps3/deportes-ps3/fifa-19-legacy-edition/,1
DixGamer,Combo Sonic Adventure 1 y 2,Combos,8,"7,38 EUR",EUR,https://dixgamer.com/shop/juegos/ps3/infantiles-ps3/combo-sonic-adventure-1-y-2/,1
DixGamer,Sonic Unleashed,Infantiles,9,"8,31 EUR",EUR,https://dixgamer.com/shop/juegos/ps3/infantiles-ps3/sonic-unleashed/,1
DixGamer,Sonic Generations,Infantiles,11.7,"10,80 EUR",EUR,https://dixgamer.com/shop/juegos/ps3/infantiles-ps3/sonic-generations/,1
DixGamer,Sonic All Stars Racing Transformed,Conducción,11.7,"10,80 EUR",EUR,https://dixgamer.com/shop/juegos/ps3/infantiles-ps3/sonic-all-stars-racing-transformed/,1
DixGamer,Need for Speed Rivals,Conducción,11.7,"10,80 EUR",EUR,https://dixgamer.com/shop/juegos/ps3/conduccion-ps3/need-for-speed-rivals-3/,1
DixGamer,Midnight Club Los Angeles Complete Edition,Conducción,12.87,"11,88 EUR",EUR,https://dixgamer.com/shop/juegos/ps3/conduccion-ps3/midnight-club-los-angeles-complete-edition/,1
DixGamer,Metal Gear Solid V The Phantom Pain,Acción,11.7,506 UYU,UYU,https://dixgamer.com/shop/juegos/ps3/accion-ps3/metal-gear-solid-v-the-phantom-pain/,2
DixGamer,Metro Last Light Complete Edition,Acción,11.7,506 UYU,UYU,https://dixgamer.com/shop/juegos/ps3/accion-ps3/metro-last-light-complete-edition/,2
DixGamer,Life is Strange Complete Season,Aventura,11.7,506 UYU,UYU,https://dixgamer.com/shop/juegos/ps3/aventura-ps3/life-is-strange-complete-season/,2
DixGamer,GTA IV Complete Edition,Acción,17.1,740 UYU,UYU,https://dixgamer.com/shop/juegos/ps3/accion-ps3/gta-iv-complete-edition/,2
DixGamer,Combo Need For Speed,Combos,18.81,814 UYU,UYU,https://dixgamer.com/shop/juegos/ps3/conduccion-ps3/combo-need-for-speed/,2
DixGamer,Need For Speed Most Wanted,Conducción,8,346 UYU,UYU,https://dixgamer.com/shop/juegos/ps3/conduccion-ps3/need-for-speed-most-wanted/,2
DixGamer,Need For Speed Hot Pursuit,Conducción,8,346 UYU,UYU,https://dixgamer.com/shop/juegos/ps3/conduccion-ps3/need-for-speed-hot-pursuit/,2
DixGamer,Sniper Ghost Warrior 2,Acción,8,346 UYU,UYU,https://dixgamer.com/shop/juegos/ps3/accion-ps3/sniper-ghost-warrior-2-2/,2
DixGamer,Mass Effect Trilogy,Acción,17.1,740 UYU,UYU,https://dixgamer.com/shop/juegos/ps3/accion-ps3/mass-effect-trilogy/,2
DixGamer,Just Dance 2018,Infantiles,22.4,969 UYU,UYU,https://dixgamer.com/shop/juegos/ps3/infantiles-ps3/just-dance-2018-2/,2
DixGamer,LA Noire The Complete Edition,Acción,22.4,969 UYU,UYU,https://dixgamer.com/shop/juegos/ps3/accion-ps3/la-noire-the-complete-edition/,2
DixGamer,Combo Bioshock 1 2 e Infinite,Acción,22.4,969 UYU,UYU,https://dixgamer.com/shop/juegos/ps3/accion-ps3/combo-bioshock-1-2-e-infinite/,2
DixGamer,Combo Shooter A,Acción,18.81,814 UYU,UYU,https://dixgamer.com/shop/juegos/ps3/accion-ps3/combo-shooter-a/,2
DixGamer,NBA 2k18,Deportes,33.1,1.432 UYU,UYU,https://dixgamer.com/shop/juegos/ps3/deportes-ps3/nba-2k18-2/,2
DixGamer,Pes 2018,Deportes,11.7,506 UYU,UYU,https://dixgamer.com/shop/juegos/ps3/deportes-ps3/pes-2018-2/,2
DixGamer,Fifa 18 Legacy Edition,Deportes,17.1,740 UYU,UYU,https://dixgamer.com/shop/juegos/ps3/deportes-ps3/fifa-18-legacy-edition/,2
DixGamer,Combo Mafia 2 con Far Cry 3 y 4,Acción,43.8,1.895 UYU,UYU,https://dixgamer.com/shop/juegos/ps3/accion-ps3/combo-mafia-2-far-cry-3-y-4/,2
DixGamer,Enemy Front,Acción,8,346 UYU,UYU,https://dixgamer.com/shop/juegos/ps3/accion-ps3/enemy-front/,2
DixGamer,Call of Duty Ghosts Gold Edition,Acción,25.1,1.086 UYU,UYU,https://dixgamer.com/shop/juegos/ps3/accion-ps3/call-of-duty-ghosts-gold-edition/,2
DixGamer,Combo Dead Island GOTY y Riptide,Acción,17.1,740 UYU,UYU,https://dixgamer.com/shop/juegos/ps3/accion-ps3/combo-dead-island-goty-y-riptide/,2
DixGamer,Destiny The Taken King Legendary Edition,Acción,17.1,740 UYU,UYU,https://dixgamer.com/shop/juegos/ps3/accion-ps3/destiny-the-taken-king-legendary-edition/,2
DixGamer,Combo COD Modern Warfare Trilogy,Acción,24.64,1.066 UYU,UYU,https://dixgamer.com/shop/juegos/ps3/accion-ps3/combo-cod-modern-warfare-trilogy/,2
DixGamer,Little Big Planet 3,Aventura,8,346 UYU,UYU,https://dixgamer.com/shop/juegos/ps3/aventura-ps3/little-big-planet-3-2/,2
DixGamer,Cars 3 Driven to Win,Conducción,17.1,740 UYU,UYU,https://dixgamer.com/shop/juegos/ps3/infantiles-ps3/cars-3-driven-to-win-2/,2
DixGamer,Combo Uncharted 1 2 3 y Tomb Raider,Acción,25.1,1.086 UYU,UYU,https://dixgamer.com/shop/juegos/ps3/accion-ps3/combo-uncharted-1-2-3-y-tomb-raider/,2
DixGamer,Combo Last of Us y Left Behind,Acción,11.7,506 UYU,UYU,https://dixgamer.com/shop/juegos/ps3/accion-ps3/combo-last-of-us-y-left-behind/,2
DixGamer,Injustice Gods Among Us Ultimate Edition,Acción,11.7,506 UYU,UYU,https://dixgamer.com/shop/juegos/ps3/accion-ps3/injustice-gods-among-us-ultimate-edition/,2
DixGamer,Combo Fifa y PES 17,Combos,18.81,814 UYU,UYU,https://dixgamer.com/shop/juegos/ps3/deportes-ps3/combo-fifa-y-pes-17/,2
DixGamer,Combo Luchadores A,Combos,25.1,1.086 UYU,UYU,https://dixgamer.com/shop/juegos/ps3/deportes-ps3/combo-luchadores-a/,2
DixGamer,Street Fighter X TEKKEN,Acción,11.7,506 UYU,UYU,https://dixgamer.com/shop/juegos/ps3/accion-ps3/street-fighter-x-tekken/,2
DixGamer,Resident Evil 5 Gold Edition,Acción,17.1,740 UYU,UYU,https://dixgamer.com/shop/juegos/ps3/accion-ps3/resident-evil-5-gold-edition/,2
DixGamer,God Of War Ascension,Acción,8,346 UYU,UYU,https://dixgamer.com/shop/juegos/ps3/accion-ps3/god-of-war-ascension/,2
DixGamer,Dragon Age Inquisition Deluxe Edition,Aventura,11.7,506 UYU,UYU,https://dixgamer.com/shop/juegos/ps3/aventura-ps3/dragon-age-inquisition-deluxe-edition/,2
DixGamer,All Stars Battle Royale,Acción,8,346 UYU,UYU,https://dixgamer.com/shop/juegos/ps3/accion-ps3/all-stars-battle-royale/,2
DixGamer,Diablo 3 Reaper of Souls Ultimate Evil Edition,Acción,17.1,740 UYU,UYU,https://dixgamer.com/shop/juegos/ps3/accion-ps3/diablo-3-reaper-of-souls-ultimate-evil-edition-2/,2
DixGamer,Mortal Kombat Komplete Edition,Acción,11.7,506 UYU,UYU,https://dixgamer.com/shop/juegos/ps3/accion-ps3/mortal-kombat-komplete-edition/,2
DixGamer,Combo Resident Evil 4 5 y 6,Acción,33.1,1.431 UYU,UYU,https://dixgamer.com/shop/juegos/ps3/accion-ps3/combo-resident-evil-4-5-y-6/,3
DixGamer,Middle Earth Shadow of Mordor,Acción,11.7,506 UYU,UYU,https://dixgamer.com/shop/juegos/ps3/accion-ps3/middle-earth-shadow-of-mordor-2/,3
DixGamer,Combo God of War Collection y Ascension,Acción,19.8,856 UYU,UYU,https://dixgamer.com/shop/juegos/ps3/accion-ps3/combo-god-of-war-collection-y-ascension/,3
DixGamer,The Evil Within Digital Bundle,Acción,17.1,739 UYU,UYU,https://dixgamer.com/shop/juegos/ps3/accion-ps3/the-evil-within-digital-bundle/,3
DixGamer,The Last Of Us Left Behind,Acción,8,346 UYU,UYU,https://dixgamer.com/shop/juegos/ps3/accion-ps3/the-last-of-us-left-behind/,3
DixGamer,God of War Collection HD,Acción,9.9,428 UYU,UYU,https://dixgamer.com/shop/juegos/ps3/accion-ps3/god-of-war-collection-hd/,3
DixGamer,Resident Evil 0 HD,Acción,11.7,506 UYU,UYU,https://dixgamer.com/shop/juegos/ps3/accion-ps3/resident-evil-0-hd-2/,3
DixGamer,Call of Duty Advanced Warfare Gold Edition,Acción,27.8,1.202 UYU,UYU,https://dixgamer.com/shop/juegos/ps3/accion-ps3/call-of-duty-advanced-warfare-gold-edition/,3
DixGamer,Combo Diversion C,Combos,24.64,1.065 UYU,UYU,https://dixgamer.com/shop/juegos/ps3/infantiles-ps3/combo-diversion-c/,3
DixGamer,Combo Diversion A,Combos,43.8,1.894 UYU,UYU,https://dixgamer.com/shop/juegos/ps3/infantiles-ps3/combo-diversion-a/,3
DixGamer,Combo Diversion B,Combos,22.4,968 UYU,UYU,https://dixgamer.com/shop/juegos/ps3/infantiles-ps3/combo-diversion-b/,3
DixGamer,Combo 2k17 NBA WWE,Combos,33.1,1.431 UYU,UYU,https://dixgamer.com/shop/juegos/ps3/deportes-ps3/combo-2k17-nba-wwe/,3
DixGamer,Call Of Duty Black Ops 2 Revolution Map Pack,Acción,27.8,1.202 UYU,UYU,https://dixgamer.com/shop/juegos/ps3/accion-ps3/call-of-duty-black-ops-2-revolution-map-pack/,3
DixGamer,Twisted Metal,Acción,8,346 UYU,UYU,https://dixgamer.com/shop/juegos/ps3/accion-ps3/twisted-metal/,3
DixGamer,Dark Souls 2 Scholar of the First Sin,Acción,17.1,739 UYU,UYU,https://dixgamer.com/shop/juegos/ps3/accion-ps3/dark-souls-2-scholar-of-the-first-sin/,3
DixGamer,Transformers Devastation,Acción,11.7,506 UYU,UYU,https://dixgamer.com/shop/juegos/ps3/accion-ps3/transformers-devastation/,3
DixGamer,MXGP,Conducción,17.1,739 UYU,UYU,https://dixgamer.com/shop/juegos/ps3/conduccion-ps3/mxgp/,3
DixGamer,Tom Clancys Rainbow Six Vegas,Acción,11.7,506 UYU,UYU,https://dixgamer.com/shop/juegos/ps3/accion-ps3/tom-clancys-rainbow-six-vegas/,3
DixGamer,Tom Clancys EndWar,Acción,11.7,506 UYU,UYU,https://dixgamer.com/shop/juegos/ps3/accion-ps3/tom-clancys-endwar/,3
DixGamer,Tom Clancys Splinter Cell Blacklist,Acción,9,389 UYU,UYU,https://dixgamer.com/shop/juegos/ps3/accion-ps3/tom-clancys-splinter-cell-blacklist/,3
DixGamer,Combo Battlefield 3 y 4,Acción,22.4,968 UYU,UYU,https://dixgamer.com/shop/juegos/ps3/accion-ps3/combo-battlefield-3-y-4/,3
DixGamer,F1 2014,Conducción,11.7,506 UYU,UYU,https://dixgamer.com/shop/juegos/ps3/conduccion-ps3/f1-2014/,3
DixGamer,Army of Two The Devils Cartel,Acción,12.87,556 UYU,UYU,https://dixgamer.com/shop/juegos/ps3/accion-ps3/army-of-two-the-devils-cartel/,3
DixGamer,MX vs ATV Supercross,Conducción,17.1,739 UYU,UYU,https://dixgamer.com/shop/juegos/ps3/conduccion-ps3/mx-vs-atv-supercross/,3
DixGamer,LEGO Star Wars The Force Awakens,Infantiles,11.7,506 UYU,UYU,https://dixgamer.com/shop/juegos/ps3/infantiles-ps3/lego-star-wars-the-force-awakens/,3
DixGamer,Dark Souls 2,Acción,11.7,506 UYU,UYU,https://dixgamer.com/shop/juegos/ps3/accion-ps3/dark-souls-2/,3
DixGamer,Mortal Kombat vs DC Universe,Acción,11.7,506 UYU,UYU,https://dixgamer.com/shop/juegos/ps3/accion-ps3/mortal-kombat-vs-dc-universe/,3
DixGamer,Just Dance 2017,Infantiles,22.4,968 UYU,UYU,https://dixgamer.com/shop/juegos/ps3/infantiles-ps3/just-dance-2017-2/,3
DixGamer,Star Wars The Force Unleashed 2,Acción,11.7,506 UYU,UYU,https://dixgamer.com/shop/juegos/ps3/accion-ps3/star-wars-the-force-unleashed-2/,3
DixGamer,Assassins Creed,Acción,9,389 UYU,UYU,https://dixgamer.com/shop/juegos/ps3/accion-ps3/assassins-creed/,3
DixGamer,Resident Evil 4,Acción,12.87,556 UYU,UYU,https://dixgamer.com/shop/juegos/ps3/accion-ps3/resident-evil-4-2/,3
DixGamer,Combo GTA Vice City Liberty City,Acción,11.7,506 UYU,UYU,https://dixgamer.com/shop/juegos/ps3/accion-ps3/combo-gta-vice-city-liberty-city/,3
DixGamer,GTA Vice City,Acción,8.8,380 UYU,UYU,https://dixgamer.com/shop/juegos/ps3/accion-ps3/gta-vice-city/,3
DixGamer,Lost Planet 3,Acción,11.7,506 UYU,UYU,https://dixgamer.com/shop/juegos/ps3/accion-ps3/lost-planet-3/,3
DixGamer,Final Fight Double Impact,Acción,8,346 UYU,UYU,https://dixgamer.com/shop/juegos/ps3/accion-ps3/final-fight-double-impact/,3
DixGamer,Okami HD,Acción,8.5,367 UYU,UYU,https://dixgamer.com/shop/juegos/ps3/accion-ps3/okami-hd/,3
DixGamer,Megaman 9 y 10,Acción,9,15.075 ARS,ARS,https://dixgamer.com/shop/juegos/ps3/accion-ps3/megaman-9-y-10/,4
DixGamer,Resident Evil 6 Ultimate Edition,Acción,16,26.800 ARS,ARS,https://dixgamer.com/shop/juegos/ps3/accion-ps3/resident-evil-6-ultimate-edition/,4
DixGamer,Sleeping Dogs,Acción,11.7,19.598 ARS,ARS,https://dixgamer.com/shop/juegos/ps3/accion-ps3/sleeping-dogs/,4
DixGamer,Super Street Fighter 2 Turbo HD Remix,Acción,8,13.400 ARS,ARS,https://dixgamer.com/shop/juegos/ps3/accion-ps3/super-street-fighter-2-turbo-hd-remix/,4
DixGamer,The Walking Dead The Complete First Season,Acción,9,15.075 ARS,ARS,https://dixgamer.com/shop/juegos/ps3/accion-ps3/the-walking-dead-the-complete-first-season/,4
DixGamer,WWE 2k17,Deportes,33.1,55.443 ARS,ARS,https://dixgamer.com/shop/juegos/ps3/deportes-ps3/wwe-2k17-2/,4
DixGamer,WRC 5,Conducción,22.4,37.520 ARS,ARS,https://dixgamer.com/shop/juegos/ps3/conduccion-ps3/wrc-5/,4
DixGamer,WRC 4,Conducción,12.87,21.557 ARS,ARS,https://dixgamer.com/shop/juegos/ps3/conduccion-ps3/wrc-4/,4
DixGamer,Watch Dogs,Acción,11.7,19.598 ARS,ARS,https://dixgamer.com/shop/juegos/ps3/accion-ps3/watch-dogs-3/,4
DixGamer,Toy Story 3,Infantiles,11.7,19.598 ARS,ARS,https://dixgamer.com/shop/juegos/ps3/infantiles-ps3/toy-story-3/,4
DixGamer,Tomb Raider,Acción,11.7,19.598 ARS,ARS,https://dixgamer.com/shop/juegos/ps3/accion-ps3/tomb-raider/,4
DixGamer,Thief,Acción,9,15.075 ARS,ARS,https://dixgamer.com/shop/juegos/ps3/accion-ps3/thief/,4
DixGamer,The Last of Us,Acción,8,13.400 ARS,ARS,https://dixgamer.com/shop/juegos/ps3/accion-ps3/the-last-of-us/,4
DixGamer,Saint Seiya Soldiers Soul,Acción,22.4,37.520 ARS,ARS,https://dixgamer.com/shop/juegos/ps3/accion-ps3/saint-seiya-soldiers-soul-2/,4
DixGamer,Shift 2 Unleashed,Conducción,12.65,21.189 ARS,ARS,https://dixgamer.com/shop/juegos/ps3/conduccion-ps3/shift-2-unleashed/,4
DixGamer,Ridge Racer Unbounded,Conducción,11.7,19.598 ARS,ARS,https://dixgamer.com/shop/juegos/ps3/conduccion-ps3/ridge-racer-unbounded/,4
DixGamer,Resident Evil 6,Acción,11.7,19.598 ARS,ARS,https://dixgamer.com/shop/juegos/ps3/accion-ps3/resident-evil-6-2/,4
DixGamer,Remember Me,Acción,11.7,19.598 ARS,ARS,https://dixgamer.com/shop/juegos/ps3/accion-ps3/remember-me/,4
DixGamer,Prototype 2 Gold Edition,Acción,17.1,28.643 ARS,ARS,https://dixgamer.com/shop/juegos/ps3/accion-ps3/prototype-2-gold-edition/,4
DixGamer,Portal 2,Acción,12.66,21.206 ARS,ARS,https://dixgamer.com/shop/juegos/ps3/accion-ps3/portal-2/,4
DixGamer,PES 2017,Deportes,8,13.400 ARS,ARS,https://dixgamer.com/shop/juegos/ps3/deportes-ps3/pes-2017-2/,4
DixGamer,PayDay 2,Acción,22.4,37.520 ARS,ARS,https://dixgamer.com/shop/juegos/ps3/accion-ps3/payday-2/,4
DixGamer,Need For Speed Rivals Complete Edition,Conducción,11.7,19.598 ARS,ARS,https://dixgamer.com/shop/juegos/ps3/conduccion-ps3/need-for-speed-rivals-complete-edition/,4
DixGamer,Need for Speed The Run,Conducción,11.7,19.598 ARS,ARS,https://dixgamer.com/shop/juegos/ps3/conduccion-ps3/need-for-speed-the-run/,4
DixGamer,NBA 2K17,Deportes,33.1,55.443 ARS,ARS,https://dixgamer.com/shop/juegos/ps3/deportes-ps3/nba-2k17-2/,4
DixGamer,Minecraft PlayStation 3 Edition,Aventura,11.7,19.598 ARS,ARS,https://dixgamer.com/shop/juegos/ps3/aventura-ps3/minecraft-playstation-3-edition/,4
DixGamer,Max Payne 3,Acción,11.7,19.598 ARS,ARS,https://dixgamer.com/shop/juegos/ps3/accion-ps3/max-payne-3/,4
DixGamer,LEGO Marvel Avengers,Infantiles,11.7,19.598 ARS,ARS,https://dixgamer.com/shop/juegos/ps3/infantiles-ps3/lego-avengers/,4
DixGamer,LEGO Batman 3,Infantiles,11.7,19.598 ARS,ARS,https://dixgamer.com/shop/juegos/ps3/infantiles-ps3/lego-batman-3/,4
DixGamer,LEGO Jurassic World,Infantiles,11.7,19.598 ARS,ARS,https://dixgamer.com/shop/juegos/ps3/infantiles-ps3/lego-jurassic-world/,4
DixGamer,LEGO Marvel Super Heroes,Infantiles,11.7,19.598 ARS,ARS,https://dixgamer.com/shop/juegos/ps3/infantiles-ps3/lego-marvel-super-heroes-2/,4
DixGamer,LEGO Piratas del Caribe,Infantiles,11.7,19.598 ARS,ARS,https://dixgamer.com/shop/juegos/ps3/infantiles-ps3/lego-piratas-del-caribe/,4
DixGamer,GTA V,Acción,11.7,19.598 ARS,ARS,https://dixgamer.com/shop/juegos/ps3/accion-ps3/gta-v-2/,4
DixGamer,GTA San Andreas,Acción,9,15.075 ARS,ARS,https://dixgamer.com/shop/juegos/ps3/accion-ps3/gta-san-andreas/,4
DixGamer,Grid Autosport,Conducción,8,13.400 ARS,ARS,https://dixgamer.com/shop/juegos/ps3/conduccion-ps3/grid-autosport/,4
DixGamer,Fight Night Champion,Deportes,8,13.400 ARS,ARS,https://dixgamer.com/shop/juegos/ps3/deportes-ps3/fight-night-champion/,4
DixGamer,Fifa Street,Deportes,11.7,"90,24 GTQ",GTQ,https://dixgamer.com/shop/juegos/ps3/deportes-ps3/fifa-street/,5
DixGamer,Far Cry 4,Acción,17.1,"131,88 GTQ",GTQ,https://dixgamer.com/shop/juegos/ps3/accion-ps3/far-cry-4/,5
DixGamer,Far Cry 3,Acción,12.65,"97,56 GTQ",GTQ,https://dixgamer.com/shop/juegos/ps3/accion-ps3/far-cry-3/,5
DixGamer,Dead Space 3 Ultimate Edition,Acción,17.1,"131,88 GTQ",GTQ,https://dixgamer.com/shop/juegos/ps3/accion-ps3/dead-space-3-ultimate-edition/,5
DixGamer,Assassins Creed Revelations,Acción,11.7,"90,24 GTQ",GTQ,https://dixgamer.com/shop/juegos/ps3/accion-ps3/assassins-creed-revelations/,5
DixGamer,Assassins Creed Brotherhood,Acción,11.7,"90,24 GTQ",GTQ,https://dixgamer.com/shop/juegos/ps3/accion-ps3/assassins-creed-brotherhood/,5
DixGamer,Epic Mickey 2 The Power of Two,Infantiles,11.7,"90,24 GTQ",GTQ,https://dixgamer.com/shop/juegos/ps3/infantiles-ps3/epic-mickey-2-the-power-of-two/,5
DixGamer,EA Sports MMA,Deportes,11.7,"90,24 GTQ",GTQ,https://dixgamer.com/shop/juegos/ps3/deportes-ps3/ea-sports-mma/,5
DixGamer,Dragon Ball Z Battle of Z,Acción,17.1,"131,88 GTQ",GTQ,https://dixgamer.com/shop/juegos/ps3/accion-ps3/dragon-ball-z-battle-of-z/,5
DixGamer,Dragon Ball Xenoverse,Acción,17.1,"131,88 GTQ",GTQ,https://dixgamer.com/shop/juegos/ps3/accion-ps3/dragon-ball-xenoverse/,5
DixGamer,Devil May Cry HD Collection,Acción,11.7,"90,24 GTQ",GTQ,https://dixgamer.com/shop/juegos/ps3/accion-ps3/devil-may-cry-hd-collection/,5
DixGamer,Devil May Cry,Acción,11.7,"90,24 GTQ",GTQ,https://dixgamer.com/shop/juegos/ps3/accion-ps3/devil-may-cry/,5
DixGamer,Disney Universe,Infantiles,11.7,"90,24 GTQ",GTQ,https://dixgamer.com/shop/juegos/ps3/infantiles-ps3/disney-universe/,5
DixGamer,Disney Pixar Brave,Infantiles,11.7,"90,24 GTQ",GTQ,https://dixgamer.com/shop/juegos/ps3/infantiles-ps3/disney-pixar-brave/,5
DixGamer,Dead Island Riptide Complete Edition,Acción,11.7,"90,24 GTQ",GTQ,https://dixgamer.com/shop/juegos/ps3/accion-ps3/dead-island-riptide-complete-edition/,5
DixGamer,Dead Island Game of the Year Edition,Acción,11.7,"90,24 GTQ",GTQ,https://dixgamer.com/shop/juegos/ps3/accion-ps3/dead-island-game-of-the-year-edition/,5
DixGamer,Cars 2,Conducción,11.7,"90,24 GTQ",GTQ,https://dixgamer.com/shop/juegos/ps3/infantiles-ps3/cars-2/,5
DixGamer,Call of Duty Modern Warfare 3 DLC Collection 1,Acción,17.1,"131,88 GTQ",GTQ,https://dixgamer.com/shop/juegos/ps3/accion-ps3/call-of-duty-modern-warfare-3-dlc-collection-1/,5
DixGamer,Call of Duty Black Ops 3,Acción,27.8,"214,41 GTQ",GTQ,https://dixgamer.com/shop/juegos/ps3/accion-ps3/call-of-duty-black-ops-3/,5
DixGamer,Beyond Two Souls,Aventura,8,"61,70 GTQ",GTQ,https://dixgamer.com/shop/juegos/ps3/aventura-ps3/beyond-two-souls/,5
DixGamer,Battlefield Hardline,Acción,11.7,"90,24 GTQ",GTQ,https://dixgamer.com/shop/juegos/ps3/accion-ps3/battlefield-hardline/,5
DixGamer,Battlefield 4,Acción,11.7,"90,24 GTQ",GTQ,https://dixgamer.com/shop/juegos/ps3/accion-ps3/battlefield-4-2/,5
DixGamer,Battlefield 3,Acción,11.7,"90,24 GTQ",GTQ,https://dixgamer.com/shop/juegos/ps3/accion-ps3/battlefield-3/,5
DixGamer,Batman Arkham Origins,Acción,11.7,"90,24 GTQ",GTQ,https://dixgamer.com/shop/juegos/ps3/accion-ps3/batman-arkham-origins/,5
DixGamer,Batman Arkham City,Acción,11.7,"90,24 GTQ",GTQ,https://dixgamer.com/shop/juegos/ps3/accion-ps3/batman-arkham-city/,5
DixGamer,Assassins Creed Rogue,Acción,17.1,"131,88 GTQ",GTQ,https://dixgamer.com/shop/juegos/ps3/accion-ps3/assassins-creed-rogue/,5
DixGamer,Assassins Creed 4 Black Flag,Acción,11.7,"90,24 GTQ",GTQ,https://dixgamer.com/shop/juegos/ps3/accion-ps3/assassins-creed-4-black-flag/,5
DixGamer,Assassins Creed 3,Acción,11.7,"90,24 GTQ",GTQ,https://dixgamer.com/shop/juegos/ps3/accion-ps3/assassins-creed-3/,5
DixGamer,Alien Isolation,Acción,17.1,"131,88 GTQ",GTQ,https://dixgamer.com/shop/juegos/ps3/accion-ps3/alien-isolation/,5
DixGamer,Fifa 17,Deportes,17.1,"131,88 GTQ",GTQ,https://dixgamer.com/shop/juegos/ps3/deportes-ps3/fifa-17-2/,5
DixGamer,EA SPORTS FC 27 Standard Edition,Deportes,39.00,39 USD,USD,https://dixgamer.com/shop/juegos/ps4/deportes-ps4/ea-sports-fc-27-standard-edition/,1
DixGamer,Hollow Knight Silksong,Acción,10.60,10.60 USD,USD,https://dixgamer.com/shop/juegos/ps4/accion-ps4/hollow-knight-silksong/,1
DixGamer,EA SPORTS FC 26 Standard Edition,Deportes,37.80,37.80 USD,USD,https://dixgamer.com/shop/juegos/ps4/deportes-ps4/ea-sports-fc-26-standard-edition/,1
DixGamer,Call of Duty Black Ops 2,Acción,10.80,10.80 USD,USD,https://dixgamer.com/shop/juegos/ps4/accion-ps4/call-of-duty-black-ops-2/,1
DixGamer,Call of Duty Black Ops,Acción,14.00,14 USD,USD,https://dixgamer.com/shop/juegos/ps4/accion-ps4/call-of-duty-black-ops/,1
DixGamer,NBA 2K26 Standard Edition,Deportes,29.00,29 USD,USD,https://dixgamer.com/shop/juegos/ps4/deportes-ps4/nba-2k26-standard-edition/,1
DixGamer,Call of Duty Black Ops 7,Acción,15.20,15.20 USD,USD,https://dixgamer.com/shop/juegos/ps4/accion-ps4/call-of-duty-black-ops-7/,1
DixGamer,God of War Ragnarok,Acción,9.70,9.70 USD,USD,https://dixgamer.com/shop/juegos/ps4/accion-ps4/god-of-war-ragnarok/,1
DixGamer,Gran Turismo 7,Conducción,9.90,9.90 USD,USD,https://dixgamer.com/shop/juegos/ps4/conduccion-ps4/gran-turismo-7/,1
DixGamer,Resident Evil 4 Remake,Acción,8.30,8.30 USD,USD,https://dixgamer.com/shop/juegos/ps4/accion-ps4/resident-evil-4-remake/,1
DixGamer,HITMAN World of Assassination,Acción,17.70,17.70 USD,USD,https://dixgamer.com/shop/juegos/ps4/accion-ps4/hitman-world-of-assassination/,1
DixGamer,Oferta Combo GTA y Red Dead 2,Acción,67.40,67.40 USD,USD,https://dixgamer.com/shop/juegos/ps4/accion-ps4/oferta-combo-gta-y-red-dead-2/,1
DixGamer,Oferta Combo Accion Belica,Acción,85.5,85.50 USD,USD,https://dixgamer.com/shop/juegos/ps4/accion-ps4/oferta-combo-accion-belica/,1
DixGamer,Oferta Combo FC 26 y NBA 2K25,Combos,87.80,87.80 USD,USD,https://dixgamer.com/shop/juegos/ps4/deportes-ps4/oferta-combo-fc-26-y-nba-2k25/,1
DixGamer,Gta V,Acción,10.80,10.80 USD,USD,https://dixgamer.com/shop/juegos/ps4/accion-ps4/gta-v/,1
DixGamer,Red Dead Redemption 2,Acción,10.30,10.30 USD,USD,https://dixgamer.com/shop/juegos/ps4/accion-ps4/red-dead-redemption-2/,1
DixGamer,Mortal Kombat 11,Acción,8.00,8 USD,USD,https://dixgamer.com/shop/juegos/ps4/accion-ps4/mortal-kombat-11/,1
DixGamer,Marvel Spider Man Miles Morales,Acción,13.90,13.90 USD,USD,https://dixgamer.com/shop/juegos/ps4/accion-ps4/marvels-spider-man-miles-morales/,1
DixGamer,Little Nightmares 3,Aventura,9.20,9.20 USD,USD,https://dixgamer.com/shop/juegos/ps4/aventura-ps4/little-nightmares-3/,1
DixGamer,MX vs ATV Legends,Conducción,7.00,7 USD,USD,https://dixgamer.com/shop/juegos/ps4/deportes-ps4/mx-vs-atv-legends/,1
DixGamer,It Takes Two,Aventura,9.70,9.70 USD,USD,https://dixgamer.com/shop/juegos/ps4/aventura-ps4/it-takes-two/,1
DixGamer,Marvel Spider Man,Acción,8.20,8.20 USD,USD,https://dixgamer.com/shop/juegos/ps4/accion-ps4/marvel-spider-man/,1
DixGamer,Assassins Creed Valhalla,Acción,8.60,8.60 USD,USD,https://dixgamer.com/shop/juegos/ps4/accion-ps4/assassins-creed-valhalla/,1
DixGamer,ELDEN RING NIGHTREIGN,Acción,14.60,14.60 USD,USD,https://dixgamer.com/shop/juegos/ps4/accion-ps4/elden-ring-nightreign/,1
DixGamer,Uncharted 4,Acción,13.10,13.10 USD,USD,https://dixgamer.com/shop/juegos/ps4/accion-ps4/uncharted-4/,1
DixGamer,Crash Bandicoot 4 Its About Time,Aventura,11.60,11.60 USD,USD,https://dixgamer.com/shop/juegos/ps4/aventura-ps4/crash-bandicoot-4-its-about-time/,1
DixGamer,No Mans Sky,Acción,12.30,12.30 USD,USD,https://dixgamer.com/shop/juegos/ps4/accion-ps4/no-mans-sky/,1
DixGamer,Minecraft,Aventura,13.90,13.90 USD,USD,https://dixgamer.com/shop/juegos/ps4/aventura-ps4/minecraft/,1
DixGamer,Sackboy A Big Adventure,Infantiles,12.00,12 USD,USD,https://dixgamer.com/shop/juegos/ps4/infantiles-ps4/sackboy-a-big-adventure/,1
DixGamer,Crash Team Racing Nitro Fueled,Conducción,9.90,9.90 USD,USD,https://dixgamer.com/shop/juegos/ps4/infantiles-ps4/crash-team-racing-nitro-fueled/,1
DixGamer,Cyberpunk 2077,Acción,9.40,9.40 USD,USD,https://dixgamer.com/shop/juegos/ps4/accion-ps4/cyberpunk-2077/,1
DixGamer,The Crew Motorfest Cross Gen,Aventura,8.50,8.50 USD,USD,https://dixgamer.com/shop/juegos/ps4/aventura-ps4/the-crew-motorfest-cross-gen/,1
DixGamer,SONIC SUPERSTARS,Aventura,9.60,9.60 USD,USD,https://dixgamer.com/shop/juegos/ps4/aventura-ps4/sonic-superstars/,1
DixGamer,Lies Of P,Acción,14.40,14.40 USD,USD,https://dixgamer.com/shop/juegos/ps4/accion-ps4/lies-of-p/,1
DixGamer,The Last of Us Part II,Acción,18.00,18 USD,USD,https://dixgamer.com/shop/juegos/ps4/accion-ps4/the-last-of-us-part-ii/,1
DixGamer,Death Stranding,Aventura,21.20,21.20 USD,USD,https://dixgamer.com/shop/juegos/ps4/aventura-ps4/death-stranding/,1
DixGamer,Captain Tsubasa Rise of New Champions,Deportes,9.70,9.70 USD,USD,https://dixgamer.com/shop/juegos/ps4/deportes-ps4/captain-tsubasa-rise-of-new-champions/,2
DixGamer,God Of War 3 Remastered,Acción,8.90,8.90 USD,USD,https://dixgamer.com/shop/juegos/ps4/accion-ps4/god-of-war-3-remastered/,2
DixGamer,Resident Evil Village,Acción,7.30,7.30 USD,USD,https://dixgamer.com/shop/juegos/ps4/accion-ps4/resident-evil-village/,2
DixGamer,The Witcher 3 Wild Hunt,Acción,8.00,8 USD,USD,https://dixgamer.com/shop/juegos/ps4/accion-ps4/the-witcher-3-wild-hunt/,2
DixGamer,WRC 10,Conducción,17.80,17.80 USD,USD,https://dixgamer.com/shop/juegos/ps4/conduccion-ps4/wrc-10/,2
DixGamer,Far Cry 6,Acción,9.90,9.90 USD,USD,https://dixgamer.com/shop/juegos/ps4/accion-ps4/far-cry-6/,2
DixGamer,Hogwarts Legacy,Acción,7.60,7.60 USD,USD,https://dixgamer.com/shop/juegos/ps4/accion-ps4/hogwarts-legacy/,2
DixGamer,God of War,Acción,7.20,7.20 USD,USD,https://dixgamer.com/shop/juegos/ps4/accion-ps4/god-of-war/,2
DixGamer,Assassins Creed Mirage,Acción,8.80,8.80 USD,USD,https://dixgamer.com/shop/juegos/ps4/accion-ps4/assassins-creed-mirage/,2
DixGamer,Star Wars Jedi Survivor y Fallen Order,Acción,7.00,7 USD,USD,https://dixgamer.com/shop/juegos/ps4/accion-ps4/star-wars-jedi-survivor-y-fallen-order/,2
DixGamer,Call of Duty Modern Warfare III Cross Gen Bundle,Acción,14.80,14.80 USD,USD,https://dixgamer.com/shop/juegos/ps4/accion-ps4/call-of-duty-modern-warfare-iii-cross-gen-bundle/,2
DixGamer,Call of Duty WW2,Acción,10.30,10.30 USD,USD,https://dixgamer.com/shop/juegos/ps4/accion-ps4/call-of-duty-ww2-2/,2
DixGamer,TopSpin 2K25 Cross Gen,Deportes,10.40,10.40 USD,USD,https://dixgamer.com/shop/juegos/ps4/deportes-ps4/topspin-2k25-cross-gen/,2
DixGamer,GTA The Trilogy The Definitive Edition,Acción,10.00,10 USD,USD,https://dixgamer.com/shop/juegos/ps4/accion-ps4/gta-the-trilogy-the-definitive-edition/,2
DixGamer,Mafia Trilogy,Acción,21.30,21.30 USD,USD,https://dixgamer.com/shop/juegos/ps4/accion-ps4/mafia-trilogy/,2
DixGamer,Jurassic World Evolution 2,Aventura,9.30,9.30 USD,USD,https://dixgamer.com/shop/juegos/ps4/aventura-ps4/jurassic-world-evolution-2/,2
DixGamer,The King Of Fighters XV,Acción,7.20,7.20 USD,USD,https://dixgamer.com/shop/juegos/ps4/accion-ps4/the-king-of-fighters-xv/,2
DixGamer,Assetto Corsa Competizione,Conducción,7.20,7.20 USD,USD,https://dixgamer.com/shop/juegos/ps4/conduccion-ps4/assetto-corsa-competizione/,2
DixGamer,Car Mechanic Simulator 2021,Acción,7.40,7.40 USD,USD,https://dixgamer.com/shop/juegos/ps4/accion-ps4/car-mechanic-simulator-2021/,2
DixGamer,Street Fighter 6,Acción,11.50,11.50 USD,USD,https://dixgamer.com/shop/juegos/ps4/accion-ps4/street-fighter-6/,2
DixGamer,Combo Need For Speed Ultimate Bundle,Combos,9.20,9.20 USD,USD,https://dixgamer.com/shop/juegos/ps4/conduccion-ps4/combo-need-for-speed-ultimate-bundle/,2
DixGamer,DayZ,Aventura,14.00,14 USD,USD,https://dixgamer.com/shop/juegos/ps4/aventura-ps4/dayz/,2
DixGamer,Horizon Forbidden West,Acción,9.20,9.20 USD,USD,https://dixgamer.com/shop/juegos/ps4/accion-ps4/horizon-forbidden-west/,2
DixGamer,The Last of Us Remastered,Acción,8.30,8.30 USD,USD,https://dixgamer.com/shop/juegos/ps4/accion-ps4/the-last-of-us-remastered/,2
DixGamer,Dragon Ball Z KAKAROT,Acción,8.70,8.70 USD,USD,https://dixgamer.com/shop/juegos/ps4/accion-ps4/dragon-ball-z-kakarot/,2
DixGamer,Elden Ring,Aventura,25.60,25.60 USD,USD,https://dixgamer.com/shop/juegos/ps4/aventura-ps4/elden-ring/,2
DixGamer,Dying Light 2 Stay Human,Acción,13.00,13 USD,USD,https://dixgamer.com/shop/juegos/ps4/accion-ps4/dying-light-2-stay-human/,2
DixGamer,WWE 2K25 Standard Edition,Acción,23.30,23.30 USD,USD,https://dixgamer.com/shop/juegos/ps4/accion-ps4/wwe-2k25-standard-edition/,2
DixGamer,The Callisto Protocol,Acción,22.90,22.90 USD,USD,https://dixgamer.com/shop/juegos/ps4/accion-ps4/the-callisto-protocol/,2
DixGamer,Sniper Elite 5,Acción,8.10,8.10 USD,USD,https://dixgamer.com/shop/juegos/ps4/accion-ps4/sniper-elite-5/,2
DixGamer,Alan Wake Remastered,Acción,7.00,7 USD,USD,https://dixgamer.com/shop/juegos/ps4/accion-ps4/alan-wake-remastered/,2
DixGamer,Dead Island 2,Acción,9.70,9.70 USD,USD,https://dixgamer.com/shop/juegos/ps4/accion-ps4/dead-island-2/,2
DixGamer,Sifu,Acción,8.60,8.60 USD,USD,https://dixgamer.com/shop/juegos/ps4/accion-ps4/sifu/,2
DixGamer,Combo Resident Evil 4 5 y 6,Acción,7.80,7.80 USD,USD,https://dixgamer.com/shop/juegos/ps4/accion-ps4/combo-resident-evil-4-5-y-6-2/,2
DixGamer,Ace Combat 7 Skies Unknown,Acción,7.00,7 USD,USD,https://dixgamer.com/shop/juegos/ps4/accion-ps4/ace-combat-7-skies-unknown/,2
DixGamer,The Elder Scrolls V Skyrim Special Edition,Aventura,7.00,7 USD,USD,https://dixgamer.com/shop/juegos/ps4/aventura-ps4/the-elder-scrolls-v-skyrim/,2
DixGamer,Outer Wilds,Aventura,8.10,8.10 USD,USD,https://dixgamer.com/shop/juegos/ps4/aventura-ps4/outer-wilds/,3
DixGamer,Subnautica,Aventura,12.50,12.50 USD,USD,https://dixgamer.com/shop/juegos/ps4/aventura-ps4/subnautica/,3
DixGamer,Stray,Aventura,7.50,7.50 USD,USD,https://dixgamer.com/shop/juegos/ps4/aventura-ps4/stray/,3
DixGamer,Back 4 Blood,Acción,7.00,7 USD,USD,https://dixgamer.com/shop/juegos/ps4/accion-ps4/back-4-blood/,3
DixGamer,Sekiro Shadows Die Twice,Acción,23.40,23.40 USD,USD,https://dixgamer.com/shop/juegos/ps4/accion-ps4/sekiro-shadows-die-twice/,3
DixGamer,Diablo IV Standard Edition,Aventura,16.60,16.60 USD,USD,https://dixgamer.com/shop/juegos/ps4/aventura-ps4/diablo-iv-standard-edition/,3
DixGamer,Detroit Become Human,Acción,8.90,8.90 USD,USD,https://dixgamer.com/shop/juegos/ps4/accion-ps4/detroit-become-human/,3
DixGamer,SnowRunner,Conducción,8.90,8.90 USD,USD,https://dixgamer.com/shop/juegos/ps4/conduccion-ps4/snowrunner/,3
DixGamer,Call of Duty Black Ops 3 Zombies Chronicles Edition,Acción,8.60,8.60 USD,USD,https://dixgamer.com/shop/juegos/ps4/accion-ps4/call-of-duty-black-ops-3-zombies-chronicles-edition/,3
DixGamer,Demon Slayer Kimetsu no Yaiba The Hinokami Chronicles,Acción,19.70,19.70 USD,USD,https://dixgamer.com/shop/juegos/ps4/accion-ps4/demon-slayer-kimetsu-no-yaiba-the-hinokami-chronicles/,3
DixGamer,EA SPORTS FC 25 Standard Edition,Deportes,19.00,19 USD,USD,https://dixgamer.com/shop/juegos/ps4/deportes-ps4/ea-sports-fc-25-standard-edition/,3
DixGamer,Ghost Of Tsushima,Acción,19.20,19.20 USD,USD,https://dixgamer.com/shop/juegos/ps4/accion-ps4/ghost-of-tsushima/,3
DixGamer,World War Z,Acción,12.60,12.60 USD,USD,https://dixgamer.com/shop/juegos/ps4/accion-ps4/world-war-z/,3
DixGamer,Battlefield 2042,Acción,9.80,9.80 USD,USD,https://dixgamer.com/shop/juegos/ps4/accion-ps4/battlefield-2042-2/,3
DixGamer,TEKKEN 7,Acción,7.50,7.50 USD,USD,https://dixgamer.com/shop/juegos/ps4/accion-ps4/tekken-7/,3
DixGamer,Metro Exodus,Acción,7.70,7.70 USD,USD,https://dixgamer.com/shop/juegos/ps4/accion-ps4/metro-exodus/,3
DixGamer,BioShock The Collection,Combos,7.30,7.30 USD,USD,https://dixgamer.com/shop/juegos/ps4/rol-ps4/bioshock-the-collection/,3
DixGamer,DOOM Eternal,Acción,14.50,14.50 USD,USD,https://dixgamer.com/shop/juegos/ps4/accion-ps4/doom-eternal/,3
DixGamer,Riders Republic,Aventura,8.60,8.60 USD,USD,https://dixgamer.com/shop/juegos/ps4/aventura-ps4/riders-republic/,3
DixGamer,Fallout 4,Acción,8.80,8.80 USD,USD,https://dixgamer.com/shop/juegos/ps4/accion-ps4/fallout-4/,3
DixGamer,Prince of Persia The Lost Crown,Aventura,7.00,7 USD,USD,https://dixgamer.com/shop/juegos/ps4/aventura-ps4/prince-of-persia-the-lost-crown/,3
DixGamer,Call of Duty Black Ops 6 Cross Gen Bundle,Acción,10.80,10.80 USD,USD,https://dixgamer.com/shop/juegos/ps4/accion-ps4/call-of-duty-black-ops-6-cross-gen-bundle/,3
DixGamer,F1 24 Standard Edition,Conducción,28.40,28.40 USD,USD,https://dixgamer.com/shop/juegos/ps4/deportes-ps4/f1-24-standard-edition/,3
DixGamer,Combo Overcooked,Aventura,7.00,7 USD,USD,https://dixgamer.com/shop/juegos/ps4/aventura-ps4/combo-overcooked/,3
DixGamer,Alien Isolation,Acción,10.50,10.50 USD,USD,https://dixgamer.com/shop/juegos/ps4/accion-ps4/alien-isolation-2/,3
DixGamer,Sonic Frontiers,Aventura,20.10,20.10 USD,USD,https://dixgamer.com/shop/juegos/ps4/aventura-ps4/sonic-frontiers/,3
DixGamer,WWE 2K24 Cross Gen,Acción,25.00,25 USD,USD,https://dixgamer.com/shop/juegos/ps4/accion-ps4/wwe-2k24-cross-gen/,3
DixGamer,Hello Neighbor,Aventura,8.60,8.60 USD,USD,https://dixgamer.com/shop/juegos/ps4/aventura-ps4/hello-neighbor/,3
DixGamer,Combo Unravel 1 y 2,Combos,7.50,7.50 USD,USD,https://dixgamer.com/shop/juegos/ps4/infantiles-ps4/combo-unravel-1-y-2/,3
DixGamer,Dragon Ball Fighter Z,Acción,7.30,7.30 USD,USD,https://dixgamer.com/shop/juegos/ps4/accion-ps4/dragon-ball-figter-z/,3
DixGamer,NBA 2K25 Standard Edition,Deportes,8.00,8 USD,USD,https://dixgamer.com/shop/juegos/ps4/deportes-ps4/nba-2k25-standard-edition/,3
DixGamer,EA SPORTS FC 24 Standard Edition,Deportes,12.00,12 USD,USD,https://dixgamer.com/shop/juegos/ps4/deportes-ps4/ea-sports-fc-24-standard-edition/,3
DixGamer,Bully,Acción,7.00,7 USD,USD,https://dixgamer.com/shop/juegos/ps4/accion-ps4/bully/,3
DixGamer,F1 23 Standard Edition,Conducción,27.20,27.20 USD,USD,https://dixgamer.com/shop/juegos/ps4/deportes-ps4/f1-23-standard-edition/,3
DixGamer,WWE 2K23,Deportes,17.00,17 USD,USD,https://dixgamer.com/shop/juegos/ps4/deportes-ps4/wwe-2k23/,3
DixGamer,F1 2017,Conducción,13.00,13 USD,USD,https://dixgamer.com/shop/juegos/ps4/conduccion-ps4/f1-2017/,3
DixGamer,Nickelodeon All Star Brawl,Infantiles,17.60,107.283 PYG,PYG,https://dixgamer.com/shop/juegos/ps4/infantiles-ps4/nickelodeon-all-star-brawl/,4
DixGamer,Cities Skylines,Estrategia,8.20,49.984 PYG,PYG,https://dixgamer.com/shop/juegos/ps4/infantiles-ps4/cities-skylines/,4
DixGamer,Oferta Combo Star Wars,Acción,23.2,141.419 PYG,PYG,https://dixgamer.com/shop/juegos/ps4/accion-ps4/oferta-combo-star-wars/,4
DixGamer,NBA 2K24 Kobe Bryant Edition,Deportes,8.20,49.984 PYG,PYG,https://dixgamer.com/shop/juegos/ps4/deportes-ps4/nba-2k24-kobe-bryant-edition/,4
DixGamer,Oferta Combo Resident Evil,Combos,31.3,190.794 PYG,PYG,https://dixgamer.com/shop/juegos/ps4/combos-ps4/oferta-combo-resident-evil/,4
DixGamer,Oferta Combo Super Heroes,Combos,35.2,214.567 PYG,PYG,https://dixgamer.com/shop/juegos/ps4/combos-ps4/oferta-combo-super-heroes/,4
DixGamer,Combo Battlefield 4 y Hardline,Acción,10.30,62.785 PYG,PYG,https://dixgamer.com/shop/juegos/ps4/accion-ps4/combo-battlefield-4-y-hardline/,4
DixGamer,Fifa 23,Deportes,11.00,67.052 PYG,PYG,https://dixgamer.com/shop/juegos/ps4/deportes-ps4/fifa-23/,4
DixGamer,The Crew Motorfest Standard Edition,Conducción,8.10,49.375 PYG,PYG,https://dixgamer.com/shop/juegos/ps4/conduccion-ps4/the-crew-motorfest-standard-edition/,4
DixGamer,Call of Duty Modern Warfare II,Acción,25.10,153.001 PYG,PYG,https://dixgamer.com/shop/juegos/ps4/accion-ps4/call-of-duty-modern-warfare-ii/,4
DixGamer,NBA 2K23,Deportes,12.70,77.415 PYG,PYG,https://dixgamer.com/shop/juegos/ps4/deportes-ps4/nba-2k23/,4
DixGamer,Bus Driver Simulator,Conducción,7.30,44.498 PYG,PYG,https://dixgamer.com/shop/juegos/ps4/infantiles-ps4/bus-driver-simulator/,4
DixGamer,F1 22,Conducción,16.90,103.016 PYG,PYG,https://dixgamer.com/shop/juegos/ps4/conduccion-ps4/f1-22/,4
DixGamer,Just Dance 2022,Infantiles,13.90,84.729 PYG,PYG,https://dixgamer.com/shop/juegos/ps4/infantiles-ps4/just-dance-2022/,4
DixGamer,Visage,Aventura,16.10,98.140 PYG,PYG,https://dixgamer.com/shop/juegos/ps4/aventura-ps4/visage/,4
DixGamer,Attack on Titan 2 Final Battle,Acción,25.70,156.658 PYG,PYG,https://dixgamer.com/shop/juegos/ps4/accion-ps4/attack-on-titan-2-final-battle/,4
DixGamer,PAW Patrol Mighty Pups Save Adventure Bay,Aventura,7.70,46.936 PYG,PYG,https://dixgamer.com/shop/juegos/ps4/aventura-ps4/paw-patrol-mighty-pups-save-adventure-bay/,4
DixGamer,Overcooked 2,Infantiles,10.90,66.443 PYG,PYG,https://dixgamer.com/shop/juegos/ps4/infantiles-ps4/overcooked-2/,4
DixGamer,Fifa 22,Deportes,9.00,54.861 PYG,PYG,https://dixgamer.com/shop/juegos/ps4/deportes-ps4/fifa-22/,4
DixGamer,WWE 2K22,Deportes,22.20,135.323 PYG,PYG,https://dixgamer.com/shop/juegos/ps4/deportes-ps4/wwe-2k22/,4
DixGamer,Among Us,Estrategia,8.00,48.765 PYG,PYG,https://dixgamer.com/shop/juegos/ps4/infantiles-ps4/among-us/,4
DixGamer,Oferta Combo Terror,Acción,31.2,190.184 PYG,PYG,https://dixgamer.com/shop/juegos/ps4/accion-ps4/oferta-combo-terror/,4
DixGamer,Farming Simulator 22,Conducción,19.30,117.646 PYG,PYG,https://dixgamer.com/shop/juegos/ps4/infantiles-ps4/farming-simulator-22/,4
DixGamer,Marvels Guardians of the Galaxy,Acción,7.10,43.279 PYG,PYG,https://dixgamer.com/shop/juegos/ps4/accion-ps4/marvels-guardians-of-the-galaxy/,4
DixGamer,Five Nights at Freddys Security Breach,Aventura,7.40,45.108 PYG,PYG,https://dixgamer.com/shop/juegos/ps4/aventura-ps4/five-nights-at-freddys-security-breach/,4
DixGamer,Call of Duty Vanguard,Acción,8.80,53.642 PYG,PYG,https://dixgamer.com/shop/juegos/ps4/accion-ps4/call-of-duty-vanguard/,4
DixGamer,Kena Bridge of Spirits,Aventura,16.40,99.969 PYG,PYG,https://dixgamer.com/shop/juegos/ps4/aventura-ps4/kena-bridge-of-spirits/,4
DixGamer,Gang Beasts,Acción,8.40,51.203 PYG,PYG,https://dixgamer.com/shop/juegos/ps4/accion-ps4/gang-beasts/,4
DixGamer,Rayman Legends,Aventura,8.40,51.203 PYG,PYG,https://dixgamer.com/shop/juegos/ps4/aventura-ps4/rayman-legends-2/,4
DixGamer,Metal Slug XX,Acción,7.10,43.279 PYG,PYG,https://dixgamer.com/shop/juegos/ps4/accion-ps4/metal-slug-xx/,4
DixGamer,Fifa 21,Deportes,9.00,54.861 PYG,PYG,https://dixgamer.com/shop/juegos/ps4/deportes-ps4/fifa-21/,4
DixGamer,Nba 2K22,Deportes,8.80,53.642 PYG,PYG,https://dixgamer.com/shop/juegos/ps4/deportes-ps4/nba-2k22/,4
DixGamer,Oferta Combo UFC,Combos,25.20,153.610 PYG,PYG,https://dixgamer.com/shop/juegos/ps4/deportes-ps4/oferta-combo-ufc/,4
DixGamer,Just Dance 2021,Infantiles,17.90,109.112 PYG,PYG,https://dixgamer.com/shop/juegos/ps4/infantiles-ps4/just-dance-2021/,4
DixGamer,Oferta Combo NFS y NFS Payback,Combos,23.2,141.419 PYG,PYG,https://dixgamer.com/shop/juegos/ps4/conduccion-ps4/oferta-combo-nfs-y-nfs-payback/,4
DixGamer,F1 2021,Conducción,25.00,152.391 PYG,PYG,https://dixgamer.com/shop/juegos/ps4/conduccion-ps4/f1-2021/,4
DixGamer,Predator Hunting Grounds,Aventura,7.00,42.670 PYG,PYG,https://dixgamer.com/shop/juegos/ps4/aventura-ps4/predator-hunting-grounds/,5
DixGamer,Outriders,Acción,9.00,54.861 PYG,PYG,https://dixgamer.com/shop/juegos/ps4/accion-ps4/outriders/,5
DixGamer,A Way Out,Acción,8.70,53.032 PYG,PYG,https://dixgamer.com/shop/juegos/ps4/accion-ps4/a-way-out/,5
DixGamer,Nioh 2,Acción,15.10,92.044 PYG,PYG,https://dixgamer.com/shop/juegos/ps4/accion-ps4/nioh-2/,5
DixGamer,Remnant From the Ashes,Acción,9.90,60.347 PYG,PYG,https://dixgamer.com/shop/juegos/ps4/accion-ps4/remnant-from-the-ashes/,5
DixGamer,Control,Acción,8.60,52.423 PYG,PYG,https://dixgamer.com/shop/juegos/ps4/accion-ps4/control/,5
DixGamer,InFamous Second Son,Acción,7.90,48.156 PYG,PYG,https://dixgamer.com/shop/juegos/ps4/accion-ps4/infamous-second-son/,5
DixGamer,Little Nightmares,Aventura,7.30,44.498 PYG,PYG,https://dixgamer.com/shop/juegos/ps4/aventura-ps4/little-nightmares/,5
DixGamer,Little Nightmares 2,Aventura,7.20,43.889 PYG,PYG,https://dixgamer.com/shop/juegos/ps4/aventura-ps4/little-nightmares-2/,5
DixGamer,eFootball PES 2021,Deportes,35.00,213.348 PYG,PYG,https://dixgamer.com/shop/juegos/ps4/deportes-ps4/efootball-pes-2021/,5
DixGamer,Slime Rancher,Aventura,7.10,43.279 PYG,PYG,https://dixgamer.com/shop/juegos/ps4/aventura-ps4/slime-rancher/,5
DixGamer,Wrc 9,Conducción,13.80,84.120 PYG,PYG,https://dixgamer.com/shop/juegos/ps4/conduccion-ps4/wrc-9/,5
DixGamer,Need For Speed,Conducción,7.50,45.717 PYG,PYG,https://dixgamer.com/shop/juegos/ps4/conduccion-ps4/need-for-speed/,5
DixGamer,Watch Dogs Legion,Acción,7.10,43.279 PYG,PYG,https://dixgamer.com/shop/juegos/ps4/accion-ps4/watch-dogs-legion/,5
DixGamer,Call of Duty Black Ops Cold War,Acción,8.10,49.375 PYG,PYG,https://dixgamer.com/shop/juegos/ps4/accion-ps4/call-of-duty-black-ops-cold-war/,5
DixGamer,Tennis World Tour 2,Deportes,8.20,49.984 PYG,PYG,https://dixgamer.com/shop/juegos/ps4/deportes-ps4/tennis-world-tour-2/,5
DixGamer,Dirt 5,Conducción,24.80,151.172 PYG,PYG,https://dixgamer.com/shop/juegos/ps4/conduccion-ps4/dirt-5/,5
DixGamer,STAR WARS Squadrons,Acción,9.20,56.080 PYG,PYG,https://dixgamer.com/shop/juegos/ps4/accion-ps4/star-wars-squadrons/,5
DixGamer,Farming Simulator 19,Conducción,14.00,85.339 PYG,PYG,https://dixgamer.com/shop/juegos/ps4/infantiles-ps4/farming-simulator-19/,5
DixGamer,Fall Guys Ultimate Knockout,Aventura,7.00,42.670 PYG,PYG,https://dixgamer.com/shop/juegos/ps4/aventura-ps4/fall-guys-ultimate-knockout/,5
DixGamer,The Forest,Acción,7.50,45.717 PYG,PYG,https://dixgamer.com/shop/juegos/ps4/accion-ps4/the-forest/,5
DixGamer,Nba 2K21,Deportes,9.90,60.347 PYG,PYG,https://dixgamer.com/shop/juegos/ps4/deportes-ps4/nba-2k21/,5
DixGamer,Tony Hawks Pro Skater 1 y 2,Deportes,10.30,62.785 PYG,PYG,https://dixgamer.com/shop/juegos/ps4/deportes-ps4/tony-hawks-pro-skater-1-y-2/,5
DixGamer,Marvels Avengers,Acción,14.10,85.949 PYG,PYG,https://dixgamer.com/shop/juegos/ps4/accion-ps4/marvels-avengers/,5
DixGamer,Ufc 4,Deportes,25.00,152.391 PYG,PYG,https://dixgamer.com/shop/juegos/ps4/deportes-ps4/ufc-4/,5
DixGamer,LEGO DC Super Villains,Infantiles,12.10,73.757 PYG,PYG,https://dixgamer.com/shop/juegos/ps4/infantiles-ps4/lego-dc-super-villains/,5
DixGamer,The LEGO Movie 2 Videogame,Infantiles,11.60,70.709 PYG,PYG,https://dixgamer.com/shop/juegos/ps4/infantiles-ps4/the-lego-movie-2-videogame/,5
DixGamer,LEGO The Incredibles,Infantiles,7.00,42.670 PYG,PYG,https://dixgamer.com/shop/juegos/ps4/infantiles-ps4/lego-the-incredibles-2/,5
DixGamer,Ride 3,Conducción,7.10,43.279 PYG,PYG,https://dixgamer.com/shop/juegos/ps4/conduccion-ps4/ride-3/,5
DixGamer,Cuphead,Aventura,9.60,58.518 PYG,PYG,https://dixgamer.com/shop/juegos/ps4/aventura-ps4/cuphead/,5
DixGamer,F1 2020 Seventy Edition,Conducción,14.90,90.825 PYG,PYG,https://dixgamer.com/shop/juegos/ps4/conduccion-ps4/f1-2020-seventy-edition/,5
DixGamer,Final Fantasy VII Remake,Aventura,7.20,43.889 PYG,PYG,https://dixgamer.com/shop/juegos/ps4/aventura-ps4/final-fantasy-vii-remake/,5
DixGamer,Resident Evil 3,Acción,8.00,48.765 PYG,PYG,https://dixgamer.com/shop/juegos/ps4/accion-ps4/resident-evil-3/,5
DixGamer,NARUTO SHIPPUDEN Ultimate Ninja STORM 4,Acción,8.90,54.251 PYG,PYG,https://dixgamer.com/shop/juegos/ps4/accion-ps4/naruto-shippuden-ultimate-ninja-storm-4/,5
DixGamer,Fifa 20,Deportes,9.50,57.909 PYG,PYG,https://dixgamer.com/shop/juegos/ps4/deportes-ps4/fifa-20/,5
DixGamer,eFootball PES 2020,Deportes,10.60,64.614 PYG,PYG,https://dixgamer.com/shop/juegos/ps4/deportes-ps4/efootball-pes-2020/,5
DixGamer,Just Dance 2020,Infantiles,12.30,74.976 PYG,PYG,https://dixgamer.com/shop/juegos/ps4/infantiles-ps4/just-dance-2020/,6
DixGamer,Plants vs Zombies Battle for Neighborville,Infantiles,9.20,56.080 PYG,PYG,https://dixgamer.com/shop/juegos/ps4/infantiles-ps4/plants-vs-zombies-battle-for-neighborville/,6
DixGamer,LEGO NINJAGO Movie Video,Infantiles,13.20,80.462 PYG,PYG,https://dixgamer.com/shop/juegos/ps4/infantiles-ps4/lego-ninjago-movie-video/,6
DixGamer,The LEGO Movie Videogame,Infantiles,7.00,42.670 PYG,PYG,https://dixgamer.com/shop/juegos/ps4/infantiles-ps4/the-lego-movie-videogame/,6
DixGamer,LEGO CITY Undercover,Infantiles,8.40,51.203 PYG,PYG,https://dixgamer.com/shop/juegos/ps4/infantiles-ps4/lego-city-undercover/,6
DixGamer,DUCATI 90th Anniversary,Conducción,7.00,42.670 PYG,PYG,https://dixgamer.com/shop/juegos/ps4/conduccion-ps4/ducati-90th-anniversary/,6
DixGamer,Need for Speed Heat,Conducción,7.40,45.108 PYG,PYG,https://dixgamer.com/shop/juegos/ps4/conduccion-ps4/need-for-speed-heat/,6
DixGamer,STAR WARS Jedi Fallen Order,Acción,9.90,60.347 PYG,PYG,https://dixgamer.com/shop/juegos/ps4/accion-ps4/star-wars-jedi-fallen-order/,6
DixGamer,Wwe 2K20,Deportes,19.10,116.427 PYG,PYG,https://dixgamer.com/shop/juegos/ps4/deportes-ps4/wwe-2k20/,6
DixGamer,Tom Clancys Ghost Recon Breakpoint,Acción,7.40,45.108 PYG,PYG,https://dixgamer.com/shop/juegos/ps4/accion-ps4/tom-clancys-ghost-recon-breakpoint/,6
DixGamer,NASCAR Heat 4,Conducción,30.00,182.869 PYG,PYG,https://dixgamer.com/shop/juegos/ps4/conduccion-ps4/nascar-heat-4/,6
DixGamer,Wrc 8,Conducción,7.20,43.889 PYG,PYG,https://dixgamer.com/shop/juegos/ps4/conduccion-ps4/wrc-8/,6
DixGamer,Nba 2K20,Deportes,7.10,43.279 PYG,PYG,https://dixgamer.com/shop/juegos/ps4/deportes-ps4/nba-2k20/,6
DixGamer,Jurassic World Evolution,Aventura,7.00,42.670 PYG,PYG,https://dixgamer.com/shop/juegos/ps4/aventura-ps4/jurassic-world-evolution/,6
DixGamer,Borderlands 3,Acción,11.40,69.490 PYG,PYG,https://dixgamer.com/shop/juegos/ps4/accion-ps4/borderlands-3/,6
DixGamer,Call Of Duty Modern Warfare,Acción,9.10,55.470 PYG,PYG,https://dixgamer.com/shop/juegos/ps4/accion-ps4/call-of-duty-modern-warfare/,6
DixGamer,F1 2019,Conducción,13.70,83.510 PYG,PYG,https://dixgamer.com/shop/juegos/ps4/conduccion-ps4/f1-2019/,6
DixGamer,Dead by Daylight,Aventura,11.80,71.929 PYG,PYG,https://dixgamer.com/shop/juegos/ps4/aventura-ps4/dead-by-daylight/,6
DixGamer,Rage 2,Acción,10.10,61.566 PYG,PYG,https://dixgamer.com/shop/juegos/ps4/accion-ps4/rage-2/,6
DixGamer,Days Gone,Aventura,12.30,74.976 PYG,PYG,https://dixgamer.com/shop/juegos/ps4/aventura-ps4/days-gone/,6
DixGamer,Devil May Cry 5,Aventura,10.00,60.956 PYG,PYG,https://dixgamer.com/shop/juegos/ps4/aventura-ps4/devil-may-cry-5/,6
DixGamer,DiRT Rally 2,Conducción,9.90,60.347 PYG,PYG,https://dixgamer.com/shop/juegos/ps4/conduccion-ps4/dirt-rally-2-2/,6
DixGamer,Tom Clancys The Division 2,Acción,7.10,43.279 PYG,PYG,https://dixgamer.com/shop/juegos/ps4/accion-ps4/tom-clancys-the-division-2-2/,6
DixGamer,Far Cry New Dawn,Acción,7.00,42.670 PYG,PYG,https://dixgamer.com/shop/juegos/ps4/accion-ps4/far-cry-new-dawn/,6
DixGamer,Jump Force,Acción,23.40,142.638 PYG,PYG,https://dixgamer.com/shop/juegos/ps4/accion-ps4/jump-force/,6
DixGamer,Resident Evil 2,Acción,7.80,47.546 PYG,PYG,https://dixgamer.com/shop/juegos/ps4/accion-ps4/resident-evil-2/,6
DixGamer,Kingdom Hearts 3,Aventura,19.80,120.694 PYG,PYG,https://dixgamer.com/shop/juegos/ps4/aventura-ps4/kingdom-hearts-3/,6
DixGamer,Fifa 19,Deportes,8.50,51.813 PYG,PYG,https://dixgamer.com/shop/juegos/ps4/deportes-ps4/fifa-19/,6
DixGamer,Pes 2019,Deportes,11.10,67.662 PYG,PYG,https://dixgamer.com/shop/juegos/ps4/deportes-ps4/pes-2019/,6
DixGamer,Nba 2K19,Deportes,7.50,45.717 PYG,PYG,https://dixgamer.com/shop/juegos/ps4/deportes-ps4/nba-2k19/,6
DixGamer,Wwe 2K19,Deportes,17.70,107.893 PYG,PYG,https://dixgamer.com/shop/juegos/ps4/deportes-ps4/wwe-2k19/,6
DixGamer,Battlefield 5,Acción,7.30,44.498 PYG,PYG,https://dixgamer.com/shop/juegos/ps4/accion-ps4/battlefield-5/,6
DixGamer,Fallout 76,Acción,12.90,78.634 PYG,PYG,https://dixgamer.com/shop/juegos/ps4/accion-ps4/fallout-76/,6
DixGamer,Just Cause 4,Acción,13.60,82.901 PYG,PYG,https://dixgamer.com/shop/juegos/ps4/accion-ps4/just-cause-4/,6
DixGamer,Call of Duty Black Ops 4,Acción,10.40,63.395 PYG,PYG,https://dixgamer.com/shop/juegos/ps4/accion-ps4/call-of-duty-black-ops-4/,6
DixGamer,Assassins Creed Odyssey,Acción,7.30,44.498 PYG,PYG,https://dixgamer.com/shop/juegos/ps4/accion-ps4/assassins-creed-odyssey/,6
DixGamer,Shadow of the Tomb Raider,Aventura,7.40,45.108 PYG,PYG,https://dixgamer.com/shop/juegos/ps4/aventura-ps4/shadow-of-the-tomb-raider/,7
DixGamer,Spyro Reignited Trilogy,Aventura,7.20,43.889 PYG,PYG,https://dixgamer.com/shop/juegos/ps4/aventura-ps4/spyro-reignited-trilogy/,7
DixGamer,The Crew 2,Conducción,12.60,76.805 PYG,PYG,https://dixgamer.com/shop/juegos/ps4/conduccion-ps4/the-crew-2/,7
DixGamer,Tennis World Tour,Deportes,7.00,42.670 PYG,PYG,https://dixgamer.com/shop/juegos/ps4/deportes-ps4/tennis-world-tour/,7
DixGamer,Far Cry 5,Acción,7.40,45.108 PYG,PYG,https://dixgamer.com/shop/juegos/ps4/accion-ps4/far-cry-5/,7
DixGamer,Wrc 7,Conducción,7.00,42.670 PYG,PYG,https://dixgamer.com/shop/juegos/ps4/conduccion-ps4/wrc-7/,7
DixGamer,Street Fighter 30th Anniversary,Acción,14.00,85.339 PYG,PYG,https://dixgamer.com/shop/juegos/ps4/accion-ps4/street-fighter-30th-anniversary/,7
DixGamer,Monster Hunter World,Aventura,8.60,52.423 PYG,PYG,https://dixgamer.com/shop/juegos/ps4/aventura-ps4/monster-hunter-world/,7
DixGamer,Dying Light,Acción,7.80,47.546 PYG,PYG,https://dixgamer.com/shop/juegos/ps4/accion-ps4/dying-light/,7
DixGamer,Ufc 3,Deportes,13.50,82.291 PYG,PYG,https://dixgamer.com/shop/juegos/ps4/deportes-ps4/ufc-3/,7
DixGamer,Shadow Of The Colossus,Aventura,9.70,59.128 PYG,PYG,https://dixgamer.com/shop/juegos/ps4/aventura-ps4/shadow-of-the-colossus/,7
DixGamer,Need for Speed Payback,Conducción,7.00,42.670 PYG,PYG,https://dixgamer.com/shop/juegos/ps4/conduccion-ps4/need-for-speed-payback/,7
DixGamer,Kingdom Come Deliverance,Acción,7.30,44.498 PYG,PYG,https://dixgamer.com/shop/juegos/ps4/accion-ps4/kingdom-come-deliverance/,7
DixGamer,Devil May Cry HD Collection,Aventura,14.20,86.558 PYG,PYG,https://dixgamer.com/shop/juegos/ps4/aventura-ps4/devil-may-cry-hd-collection-2/,7
DixGamer,Sonic Forces,Aventura,7.10,43.279 PYG,PYG,https://dixgamer.com/shop/juegos/ps4/aventura-ps4/sonic-forces/,7
DixGamer,South Park Retaguardia en Peligro,Aventura,8.60,52.423 PYG,PYG,https://dixgamer.com/shop/juegos/ps4/aventura-ps4/south-park-retaguardia-en-peligro/,7
DixGamer,The Sims 4,Estrategia,7.20,43.889 PYG,PYG,https://dixgamer.com/shop/juegos/ps4/infantiles-ps4/the-sims-4/,7
DixGamer,Fifa 18,Deportes,10.70,65.223 PYG,PYG,https://dixgamer.com/shop/juegos/ps4/deportes-ps4/fifa-18/,7
DixGamer,Pes 2018,Deportes,60.00,365.739 PYG,PYG,https://dixgamer.com/shop/juegos/ps4/deportes-ps4/pes-2018/,7
DixGamer,STAR WARS Battlefront 2,Acción,7.10,43.279 PYG,PYG,https://dixgamer.com/shop/juegos/ps4/accion-ps4/star-wars-battlefront-2/,7
DixGamer,Combo Motos A,Combos,13.50,82.291 PYG,PYG,https://dixgamer.com/shop/juegos/ps4/conduccion-ps4/combo-motos-a/,7
DixGamer,The Evil Within,Acción,7.60,46.327 PYG,PYG,https://dixgamer.com/shop/juegos/ps4/accion-ps4/the-evil-within/,7
DixGamer,Destiny 2,Acción,10.40,63.395 PYG,PYG,https://dixgamer.com/shop/juegos/ps4/accion-ps4/destiny-2/,7
DixGamer,Uncharted The Lost Legacy,Acción,7.00,42.670 PYG,PYG,https://dixgamer.com/shop/juegos/ps4/accion-ps4/uncharted-the-lost-legacy/,7
DixGamer,Sonic Mania,Aventura,8.30,50.594 PYG,PYG,https://dixgamer.com/shop/juegos/ps4/aventura-ps4/sonic-mania/,7
DixGamer,Hellblade Senuas Sacrifice,Aventura,10.60,64.614 PYG,PYG,https://dixgamer.com/shop/juegos/ps4/aventura-ps4/hellblade-senuas-sacrifice/,7
DixGamer,Madden NFL 18,Deportes,14.10,85.949 PYG,PYG,https://dixgamer.com/shop/juegos/ps4/deportes-ps4/madden-nfl-18/,7
DixGamer,Wwe 2K18,Deportes,24.90,151.782 PYG,PYG,https://dixgamer.com/shop/juegos/ps4/deportes-ps4/wwe-2k18/,7
DixGamer,Wolfenstein 2 The New Colossus,Acción,11.80,71.929 PYG,PYG,https://dixgamer.com/shop/juegos/ps4/accion-ps4/wolfenstein-2-the-new-colossus/,7
DixGamer,Just Dance 2018,Infantiles,8.40,51.203 PYG,PYG,https://dixgamer.com/shop/juegos/ps4/infantiles-ps4/just-dance-2018/,7
DixGamer,Nba 2K18,Deportes,14.50,88.387 PYG,PYG,https://dixgamer.com/shop/juegos/ps4/deportes-ps4/nba-2k18/,7
DixGamer,LEGO Marvel Super Heroes 2,Infantiles,7.10,43.279 PYG,PYG,https://dixgamer.com/shop/juegos/ps4/infantiles-ps4/lego-marvel-super-heroes-2-2/,7
DixGamer,Gran Turismo Sport,Conducción,7.10,43.279 PYG,PYG,https://dixgamer.com/shop/juegos/ps4/conduccion-ps4/gran-turismo-sport/,7
DixGamer,Marvel vs Capcom Infinite,Acción,10.80,65.833 PYG,PYG,https://dixgamer.com/shop/juegos/ps4/accion-ps4/marvel-vs-capcom-infinite/,7
DixGamer,Crash Bandicoot N Sane Trilogy,Combos,7.80,47.546 PYG,PYG,https://dixgamer.com/shop/juegos/ps4/infantiles-ps4/crash-bandicoot-n-sane-trilogy/,7
DixGamer,Sebastien Loeb Rally EVO,Conducción,7.00,42.670 PYG,PYG,https://dixgamer.com/shop/juegos/ps4/conduccion-ps4/sebastien-loeb-rally-evo/,7
DixGamer,Assassins Creed Origins,Acción,7.20,43.889 PYG,PYG,https://dixgamer.com/shop/juegos/ps4/accion-ps4/assassins-creed-origins/,8
DixGamer,The Evil Within 2,Acción,10.30,62.785 PYG,PYG,https://dixgamer.com/shop/juegos/ps4/accion-ps4/the-evil-within-2/,8
DixGamer,Project Cars 2,Conducción,13.40,81.682 PYG,PYG,https://dixgamer.com/shop/juegos/ps4/conduccion-ps4/project-cars-2/,8
DixGamer,Dishonored Death of the Outsider,Acción,9.60,58.518 PYG,PYG,https://dixgamer.com/shop/juegos/ps4/accion-ps4/dishonored-death-of-the-outsider/,8
DixGamer,Resident Evil Revelations,Acción,8.00,48.765 PYG,PYG,https://dixgamer.com/shop/juegos/ps4/accion-ps4/resident-evil-revelations/,8
DixGamer,Combo Accion A,Acción,24.80,151.172 PYG,PYG,https://dixgamer.com/shop/juegos/ps4/accion-ps4/combo-accion-a/,8
DixGamer,Mxgp 3,Conducción,8.30,50.594 PYG,PYG,https://dixgamer.com/shop/juegos/ps4/conduccion-ps4/mxgp-3/,8
DixGamer,DiRT 4,Conducción,7.00,42.670 PYG,PYG,https://dixgamer.com/shop/juegos/ps4/conduccion-ps4/dirt-4/,8
DixGamer,Just Cause 3,Acción,7.00,42.670 PYG,PYG,https://dixgamer.com/shop/juegos/ps4/accion-ps4/just-cause-3/,8
DixGamer,Combo Far Cry 4 y Far Cry Primal,Acción,7.40,45.108 PYG,PYG,https://dixgamer.com/shop/juegos/ps4/accion-ps4/combo-far-cry-4-y-far-cry-primal/,8
DixGamer,Combo NFS y NFS Rivals,Combos,17.60,107.283 PYG,PYG,https://dixgamer.com/shop/juegos/ps4/conduccion-ps4/combo-nfs-y-nfs-rivals-2/,8
DixGamer,Injustice Gods Among Us Ultimate Edition,Acción,7.10,43.279 PYG,PYG,https://dixgamer.com/shop/juegos/ps4/accion-ps4/injustice-gods-among-us-ultimate-edition-2/,8
DixGamer,Cars 3 Driven to Win,Conducción,8.20,49.984 PYG,PYG,https://dixgamer.com/shop/juegos/ps4/infantiles-ps4/cars-3-driven-to-win/,8
DixGamer,Friday the 13th,Acción,7.00,42.670 PYG,PYG,https://dixgamer.com/shop/juegos/ps4/accion-ps4/friday-the-13th/,8
DixGamer,Tom Clancys The Division,Acción,7.10,43.279 PYG,PYG,https://dixgamer.com/shop/juegos/ps4/accion-ps4/tom-clancys-the-division/,8
DixGamer,Little Big Planet 3,Aventura,7.50,45.717 PYG,PYG,https://dixgamer.com/shop/juegos/ps4/aventura-ps4/little-big-planet-3/,8
DixGamer,Outlast 2,Acción,8.00,48.765 PYG,PYG,https://dixgamer.com/shop/juegos/ps4/accion-ps4/outlast-2/,8
DixGamer,Injustice 2,Acción,7.10,43.279 PYG,PYG,https://dixgamer.com/shop/juegos/ps4/accion-ps4/injustice-2/,8
DixGamer,Mass Effect Andromeda,Acción,8.20,49.984 PYG,PYG,https://dixgamer.com/shop/juegos/ps4/accion-ps4/mass-effect-andromeda/,8
DixGamer,LEGO Worlds,Infantiles,7.10,43.279 PYG,PYG,https://dixgamer.com/shop/juegos/ps4/infantiles-ps4/lego-worlds/,8
DixGamer,WRC 6,Conducción,7.00,42.670 PYG,PYG,https://dixgamer.com/shop/juegos/ps4/conduccion-ps4/wrc-6/,8
DixGamer,Mad Max,Acción,7.90,48.156 PYG,PYG,https://dixgamer.com/shop/juegos/ps4/accion-ps4/mad-max/,8
DixGamer,Horizon Zero Dawn,Acción,7.40,45.108 PYG,PYG,https://dixgamer.com/shop/juegos/ps4/accion-ps4/horizon-zero-dawn/,8
DixGamer,For Honor,Acción,15.90,96.921 PYG,PYG,https://dixgamer.com/shop/juegos/ps4/accion-ps4/for-honor/,8
DixGamer,Sniper Elite 4,Acción,10.60,64.614 PYG,PYG,https://dixgamer.com/shop/juegos/ps4/accion-ps4/sniper-elite-4/,8
DixGamer,Tom Clancys Ghost Recon Wildlands,Acción,9.80,59.737 PYG,PYG,https://dixgamer.com/shop/juegos/ps4/accion-ps4/tom-clancys-ghost-recon-wildlands/,8
DixGamer,Battlefield Hardline,Acción,7.00,42.670 PYG,PYG,https://dixgamer.com/shop/juegos/ps4/accion-ps4/battlefield-hardline-2/,8
DixGamer,ARK Survival Evolved,Acción,7.40,45.108 PYG,PYG,https://dixgamer.com/shop/juegos/ps4/accion-ps4/ark-survival-evolved/,8
DixGamer,Tom Clancys RainbowSix Siege,Acción,7.20,43.889 PYG,PYG,https://dixgamer.com/shop/juegos/ps4/accion-ps4/tom-clancys-rainbow-six-siege/,8
DixGamer,Saint Seiya Soldiers Soul,Acción,55.00,335.260 PYG,PYG,https://dixgamer.com/shop/juegos/ps4/accion-ps4/saint-seiya-soldiers-soul-3/,8
DixGamer,Assassins Creed The Ezio Collection,Acción,7.70,46.936 PYG,PYG,https://dixgamer.com/shop/juegos/ps4/accion-ps4/assassins-creed-the-ezio-collection/,8
DixGamer,Dark Souls 3,Acción,14.60,88.996 PYG,PYG,https://dixgamer.com/shop/juegos/ps4/accion-ps4/dark-souls-3/,8
DixGamer,Dying Light The Following Edicion Mejorada,Acción,7.10,43.279 PYG,PYG,https://dixgamer.com/shop/juegos/ps4/accion-ps4/dying-light-the-following-edicion-mejorada/,8
DixGamer,Digimon World Next Order,Infantiles,7.00,42.670 PYG,PYG,https://dixgamer.com/shop/juegos/ps4/infantiles-ps4/digimon-world-next-order/,8
DixGamer,Strider,Acción,7.50,45.717 PYG,PYG,https://dixgamer.com/shop/juegos/ps4/accion-ps4/strider/,8
DixGamer,LEGO Marvel Avengers,Infantiles,7.10,43.279 PYG,PYG,https://dixgamer.com/shop/juegos/ps4/infantiles-ps4/lego-marvel-avengers/,8
DixGamer,Heavy Rain,Aventura,11.00,67.052 PYG,PYG,https://dixgamer.com/shop/juegos/ps4/aventura-ps4/heavy-rain/,9
DixGamer,Diablo 3 Eternal Collection,Acción,16.10,98.140 PYG,PYG,https://dixgamer.com/shop/juegos/ps4/accion-ps4/diablo-3-eternal-collection/,9
DixGamer,Plants Vs Zombies Garden Warfare 2,Infantiles,7.10,43.279 PYG,PYG,https://dixgamer.com/shop/juegos/ps4/infantiles-ps4/plants-vs-zombies-garden-warfare-2-2/,9
DixGamer,DiRT Rally,Conducción,7.60,46.327 PYG,PYG,https://dixgamer.com/shop/juegos/ps4/conduccion-ps4/dirt-rally/,9
DixGamer,Ride 2,Conducción,7.00,42.670 PYG,PYG,https://dixgamer.com/shop/juegos/ps4/conduccion-ps4/ride-2/,9
DixGamer,LEGO Jurassic World,Infantiles,7.20,43.889 PYG,PYG,https://dixgamer.com/shop/juegos/ps4/infantiles-ps4/lego-jurassic-world-2/,9
DixGamer,LEGO Batman 3,Infantiles,7.10,43.279 PYG,PYG,https://dixgamer.com/shop/juegos/ps4/infantiles-ps4/lego-batman-3-2/,9
DixGamer,Call of Duty Advanced Warfare Gold Edition,Acción,9.60,58.518 PYG,PYG,https://dixgamer.com/shop/juegos/ps4/accion-ps4/call-of-duty-advanced-warfare-gold-edition-2/,9
DixGamer,LEGO Star Wars The Force Awakens,Infantiles,7.10,43.279 PYG,PYG,https://dixgamer.com/shop/juegos/ps4/infantiles-ps4/lego-star-wars-the-force-awakens-2/,9
DixGamer,Assassins Creed Unity,Acción,7.30,44.498 PYG,PYG,https://dixgamer.com/shop/juegos/ps4/accion-ps4/assassins-creed-unity/,9
DixGamer,Assassins Creed Syndicate,Acción,7.30,44.498 PYG,PYG,https://dixgamer.com/shop/juegos/ps4/accion-ps4/assassins-creed-syndicate/,9
DixGamer,Project Cars,Conducción,7.60,46.327 PYG,PYG,https://dixgamer.com/shop/juegos/ps4/conduccion-ps4/project-cars/,9
DixGamer,Dishonored 2,Acción,7.20,43.889 PYG,PYG,https://dixgamer.com/shop/juegos/ps4/accion-ps4/dishonored-2/,9
DixGamer,Resident Evil 7,Acción,7.00,42.670 PYG,PYG,https://dixgamer.com/shop/juegos/ps4/accion-ps4/resident-evil-7/,9
DixGamer,Middle Earth Shadow Of Mordor,Acción,8.00,48.765 PYG,PYG,https://dixgamer.com/shop/juegos/ps4/accion-ps4/middle-earth-shadow-of-mordor/,9
DixGamer,PayDay 2 Crimewave Edition,Acción,7.30,44.498 PYG,PYG,https://dixgamer.com/shop/juegos/ps4/accion-ps4/payday-2-crimewave-edition/,9
DixGamer,MXGP 2,Conducción,7.10,43.279 PYG,PYG,https://dixgamer.com/shop/juegos/ps4/conduccion-ps4/mxgp-2/,9
DixGamer,Bloodborne,Acción,8.90,54.251 PYG,PYG,https://dixgamer.com/shop/juegos/ps4/accion-ps4/bloodborne/,9
DixGamer,Plants vs Zombies Garden Warfare,Infantiles,7.00,42.670 PYG,PYG,https://dixgamer.com/shop/juegos/ps4/infantiles-ps4/plants-vs-zombies-garden-warfare/,9
DixGamer,WRC 5,Conducción,7.00,42.670 PYG,PYG,https://dixgamer.com/shop/juegos/ps4/conduccion-ps4/wrc-5-2/,9
DixGamer,The Last Guardian,Aventura,9.20,56.080 PYG,PYG,https://dixgamer.com/shop/juegos/ps4/aventura-ps4/the-last-guardian/,9
DixGamer,Far Cry Primal,Acción,7.10,43.279 PYG,PYG,https://dixgamer.com/shop/juegos/ps4/accion-ps4/far-cry-primal/,9
DixGamer,Far Cry 4,Acción,7.50,45.717 PYG,PYG,https://dixgamer.com/shop/juegos/ps4/accion-ps4/far-cry-4-2/,9
DixGamer,Rocket League,Conducción,12.80,78.024 PYG,PYG,https://dixgamer.com/shop/juegos/ps4/deportes-ps4/rocket-league/,9
DixGamer,Until Dawn,Acción,7.10,43.279 PYG,PYG,https://dixgamer.com/shop/juegos/ps4/accion-ps4/until-dawn/,9
DixGamer,Metal Gear Solid V DEFINITIVE EXPERIENCE,Acción,7.30,44.498 PYG,PYG,https://dixgamer.com/shop/juegos/ps4/accion-ps4/metal-gear-solid-v-definitive-experience/,9
DixGamer,Assassins Creed 4 Black Flag,Acción,8.20,49.984 PYG,PYG,https://dixgamer.com/shop/juegos/ps4/accion-ps4/assassins-creed-4-black-flag-2/,9
DixGamer,Beyond Two Souls,Aventura,10.50,64.004 PYG,PYG,https://dixgamer.com/shop/juegos/ps4/aventura-ps4/beyond-two-souls-2/,9
DixGamer,Overwatch Game of the Year Edition,Acción,24.80,151.172 PYG,PYG,https://dixgamer.com/shop/juegos/ps4/accion-ps4/overwatch-game-of-the-year-edition/,9
DixGamer,STAR WARS Battlefront,Acción,8.70,53.032 PYG,PYG,https://dixgamer.com/shop/juegos/ps4/accion-ps4/star-wars-battlefront/,9
DixGamer,The King of Fighters 2000,Acción,7.00,42.670 PYG,PYG,https://dixgamer.com/shop/juegos/ps4/accion-ps4/the-king-of-fighters-2000/,9
DixGamer,Batman Arkham Knight,Acción,7.10,43.279 PYG,PYG,https://dixgamer.com/shop/juegos/ps4/accion-ps4/batman-arkham-knight/,9
DixGamer,Mortal Kombat XL,Acción,7.40,45.108 PYG,PYG,https://dixgamer.com/shop/juegos/ps4/accion-ps4/mortal-kombat-xl/,9
DixGamer,Mortal Kombat X,Acción,7.10,43.279 PYG,PYG,https://dixgamer.com/shop/juegos/ps4/accion-ps4/mortal-kombat-x/,9
DixGamer,Need For Speed Rivals,Conducción,7.10,43.279 PYG,PYG,https://dixgamer.com/shop/juegos/ps4/conduccion-ps4/need-for-speed-rivals/,9
DixGamer,Street Fighter V,Acción,7.30,44.498 PYG,PYG,https://dixgamer.com/shop/juegos/ps4/accion-ps4/street-fighter-v/,9
DixGamer,Watch Dogs,Acción,8.50,51.813 PYG,PYG,https://dixgamer.com/shop/juegos/ps4/accion-ps4/watch-dogs/,10
DixGamer,UFC 2,Deportes,9.60,58.518 PYG,PYG,https://dixgamer.com/shop/juegos/ps4/deportes-ps4/ufc-2/,10
DixGamer,LEGO Marvel Super Heroes,Infantiles,8.10,49.375 PYG,PYG,https://dixgamer.com/shop/juegos/ps4/infantiles-ps4/lego-marvel-super-heroes/,10
DixGamer,Just Dance 2017,Infantiles,10.60,64.614 PYG,PYG,https://dixgamer.com/shop/juegos/ps4/infantiles-ps4/just-dance-2017/,10
DixGamer,Doom,Acción,7.20,43.889 PYG,PYG,https://dixgamer.com/shop/juegos/ps4/accion-ps4/doom/,10
DixGamer,Battlefield 4,Acción,7.10,43.279 PYG,PYG,https://dixgamer.com/shop/juegos/ps4/accion-ps4/battlefield-4/,10
DixGamer,NBA 2K17,Deportes,17.00,103.626 PYG,PYG,https://dixgamer.com/shop/juegos/ps4/deportes-ps4/nba-2k17/,10
DixGamer,Dragon Ball Xenoverse 2,Acción,9.30,56.689 PYG,PYG,https://dixgamer.com/shop/juegos/ps4/accion-ps4/dragon-ball-xenoverse-2/,10
DixGamer,Call of Duty Infinite Warfare,Acción,9.20,56.080 PYG,PYG,https://dixgamer.com/shop/juegos/ps4/accion-ps4/call-of-duty-infinite-warfare/,10
DixGamer,Final Fantasy XV,Aventura,7.70,46.936 PYG,PYG,https://dixgamer.com/shop/juegos/ps4/aventura-ps4/final-fantasy-xv/,10
DixGamer,Titanfall 2,Acción,9.00,54.861 PYG,PYG,https://dixgamer.com/shop/juegos/ps4/accion-ps4/titanfall-2/,10
DixGamer,Batman Return to Arkham,Acción,7.00,42.670 PYG,PYG,https://dixgamer.com/shop/juegos/ps4/accion-ps4/batman-return-to-arkham/,10
DixGamer,World of Final Fantasy,Aventura,9.40,57.299 PYG,PYG,https://dixgamer.com/shop/juegos/ps4/aventura-ps4/world-of-final-fantasy/,10
DixGamer,HITMAN The Complete First Season,Acción,14.10,85.949 PYG,PYG,https://dixgamer.com/shop/juegos/ps4/accion-ps4/hitman-the-complete-first-season/,10
DixGamer,Ultimate Marvel vs CAPCOM 3,Acción,7.50,45.717 PYG,PYG,https://dixgamer.com/shop/juegos/ps4/accion-ps4/ultimate-marvel-vs-capcom-3/,10
DixGamer,Tomb Raider Definitive Edition,Aventura,7.10,43.279 PYG,PYG,https://dixgamer.com/shop/juegos/ps4/aventura-ps4/tomb-raider-definitive-edition/,10
DixGamer,LEGO Harry Potter Collection,Combos,8.20,49.984 PYG,PYG,https://dixgamer.com/shop/juegos/ps4/infantiles-ps4/lego-harry-potter-collection/,10
DixGamer,Rise of the Tomb Raider,Acción,7.10,43.279 PYG,PYG,https://dixgamer.com/shop/juegos/ps4/accion-ps4/rise-of-the-tomb-raider/,10
DixGamer,Watch Dogs 2,Acción,7.20,43.889 PYG,PYG,https://dixgamer.com/shop/juegos/ps4/accion-ps4/watch-dogs-2/,10
DixGamer,Mafia 3,Acción,7.70,46.936 PYG,PYG,https://dixgamer.com/shop/juegos/ps4/accion-ps4/mafia-3/,10
DixGamer,Uncharted The Nathan Drake Collection,Acción,8.40,51.203 PYG,PYG,https://dixgamer.com/shop/juegos/ps4/accion-ps4/uncharted-the-nathan-drake-collection/,10
DixGamer,Resident Evil 6,Acción,9.90,60.347 PYG,PYG,https://dixgamer.com/shop/juegos/ps4/accion-ps4/resident-evil-6/,10
DixGamer,Resident Evil 4,Acción,7.10,43.279 PYG,PYG,https://dixgamer.com/shop/juegos/ps4/accion-ps4/resident-evil-4/,10
DixGamer,Resident Evil 5,Acción,9.80,59.737 PYG,PYG,https://dixgamer.com/shop/juegos/ps4/accion-ps4/resident-evil-5/,10
DixGamer,Resident Evil 0 HD,Acción,7.30,44.498 PYG,PYG,https://dixgamer.com/shop/juegos/ps4/accion-ps4/resident-evil-0-hd/,10
DixGamer,Resident Evil HD,Acción,8.10,49.375 PYG,PYG,https://dixgamer.com/shop/juegos/ps4/accion-ps4/resident-evil-hd/,10
DixGamer,Killzone Shadow Fall,Acción,7.10,43.279 PYG,PYG,https://dixgamer.com/shop/juegos/ps4/accion-ps4/killzone-shadow-fall/,10
DixGamer,Battlefield 1,Acción,7.70,46.936 PYG,PYG,https://dixgamer.com/shop/juegos/ps4/accion-ps4/battlefield-1/,10
DixGamer,PES 2017,Deportes,28.00,170.678 PYG,PYG,https://dixgamer.com/shop/juegos/ps4/deportes-ps4/pes-2017/,10
DixGamer,Fifa 17,Deportes,13.30,81.072 PYG,PYG,https://dixgamer.com/shop/juegos/ps4/deportes-ps4/fifa-17/,10
DixGamer,SILENT HILL Townfall PS5,Acción,33.30,55.777 ARS,ARS,https://dixgamer.com/shop/juegos/ps5/accion-ps5/silent-hill-townfall-ps5/,1
DixGamer,MARVEL Tokon Fighting Souls PS5,Acción,38.60,64.655 ARS,ARS,https://dixgamer.com/shop/juegos/ps5/accion-ps5/marvel-tokon-fighting-souls-ps5/,1
DixGamer,NBA 2K27 PS5,Deportes,43.10,72.193 ARS,ARS,https://dixgamer.com/shop/juegos/ps5/deportes-ps5/nba-2k27-ps5/,1
DixGamer,EA SPORTS FC 27 Standard Edition PS5,Deportes,39.00,65.325 ARS,ARS,https://dixgamer.com/shop/juegos/ps5/deportes-ps5/ea-sports-fc-27-standard-edition-ps5/,1
DixGamer,REANIMAL PS5,Acción,21.60,36.180 ARS,ARS,https://dixgamer.com/shop/juegos/ps5/accion-ps5/reanimal-ps5/,1
DixGamer,Hollow Knight Silksong PS5,Acción,10.60,17.755 ARS,ARS,https://dixgamer.com/shop/juegos/ps5/accion-ps5/hollow-knight-silksong-ps5/,1
DixGamer,EA SPORTS FC 26 Standard Edition PS5,Deportes,37.10,62.143 ARS,ARS,https://dixgamer.com/shop/juegos/ps5/deportes-ps5/ea-sports-fc-26-standard-edition-ps5/,1
DixGamer,Call of Duty Black Ops 2 PS5,Acción,10.80,18.090 ARS,ARS,https://dixgamer.com/shop/juegos/ps5/accion-ps5/call-of-duty-black-ops-2-ps5/,1
DixGamer,Call of Duty Black Ops PS5,Acción,14.00,23.450 ARS,ARS,https://dixgamer.com/shop/juegos/ps5/accion-ps5/call-of-duty-black-ops-ps5/,1
DixGamer,GTA 6 Ultimate Edition PS5,Acción,52.70,88.273 ARS,ARS,https://dixgamer.com/shop/juegos/ps5/accion-ps5/gta-6-ultimate-edition-ps5/,1
DixGamer,NBA 2K26 Standard Edition PS5,Deportes,27.70,46.398 ARS,ARS,https://dixgamer.com/shop/juegos/ps5/deportes-ps5/nba-2k26-standard-edition-ps5/,1
DixGamer,F1 25 2026 Season Edition PS5,Conducción,29.80,49.915 ARS,ARS,https://dixgamer.com/shop/juegos/ps5/deportes-ps5/f1-25-2026-season-edition-ps5/,1
DixGamer,GTA 6 PS5,Acción,49.10,82.243 ARS,ARS,https://dixgamer.com/shop/juegos/ps5/accion-ps5/gta-6-ps5/,1
DixGamer,Halo Campaign Evolved PS5,Acción,26.50,44.388 ARS,ARS,https://dixgamer.com/shop/juegos/ps5/accion-ps5/halo-campaign-evolved-ps5/,1
DixGamer,Assassins Creed Black Flag Resynced PS5,Acción,37.60,62.980 ARS,ARS,https://dixgamer.com/shop/juegos/ps5/accion-ps5/assassins-creed-black-flag-resynced-ps5/,1
DixGamer,Call of Duty Modern Warfare 4 PS5,Acción,44.80,75.040 ARS,ARS,https://dixgamer.com/shop/juegos/ps5/accion-ps5/call-of-duty-modern-warfare-4-ps5/,1
DixGamer,Marvels Wolverine PS5,Acción,48.60,81.405 ARS,ARS,https://dixgamer.com/shop/juegos/ps5/accion-ps5/marvels-wolverine-ps5/,1
DixGamer,UFC 6 PS5,Acción,36.60,61.305 ARS,ARS,https://dixgamer.com/shop/juegos/ps5/deportes-ps5/ufc-6-ps5/,1
DixGamer,LEGO Batman Legacy of the Dark Knight PS5,Acción,48.60,81.405 ARS,ARS,https://dixgamer.com/shop/juegos/ps5/accion-ps5/lego-batman-legacy-of-the-dark-knight-ps5/,1
DixGamer,Call of Duty Black Ops 7 PS5,Acción,15.20,25.460 ARS,ARS,https://dixgamer.com/shop/juegos/ps5/accion-ps5/call-of-duty-black-ops-7-ps5/,1
DixGamer,007 First Light PS5,Acción,48.20,80.735 ARS,ARS,https://dixgamer.com/shop/juegos/ps5/accion-ps5/007-first-light-ps5/,1
DixGamer,SAROS PS5,Acción,44.30,74.203 ARS,ARS,https://dixgamer.com/shop/juegos/ps5/accion-ps5/saros-ps5/,1
DixGamer,PRAGMATA PS5,Acción,40.70,68.173 ARS,ARS,https://dixgamer.com/shop/juegos/ps5/accion-ps5/pragmata-ps5/,1
DixGamer,Crimson Desert PS5,Acción,34.20,57.285 ARS,ARS,https://dixgamer.com/shop/juegos/ps5/accion-ps5/crimson-desert-ps5/,1
DixGamer,God of War Sons of Sparta PS5,Acción,17.80,29.815 ARS,ARS,https://dixgamer.com/shop/juegos/ps5/accion-ps5/god-of-war-sons-of-sparta-ps5/,1
DixGamer,Resident Evil Requiem PS5,Acción,36.40,60.970 ARS,ARS,https://dixgamer.com/shop/juegos/ps5/accion-ps5/resident-evil-requiem-ps5/,1
DixGamer,God of War Ragnarok PS5 Retro,Acción,9.70,16.247 ARS,ARS,https://dixgamer.com/shop/juegos/ps5/accion-ps5/god-of-war-ragnarok-ps5-retro/,1
DixGamer,Gran Turismo 7 PS5 Retro,Conducción,9.90,16.583 ARS,ARS,https://dixgamer.com/shop/juegos/ps5/conduccion-ps5/gran-turismo-7-ps5-retro/,1
DixGamer,Resident Evil 4 Remake PS5,Acción,8.30,13.903 ARS,ARS,https://dixgamer.com/shop/juegos/ps5/accion-ps5/resident-evil-4-remake-ps5/,1
DixGamer,Clair Obscur Expedition 33 PS5,Acción,23.80,39.865 ARS,ARS,https://dixgamer.com/shop/juegos/ps5/accion-ps5/clair-obscur-expedition-33-ps5/,1
DixGamer,Oferta Combo Resident Evil 4 y Village PS5,Combos,62.80,105.190 ARS,ARS,https://dixgamer.com/shop/juegos/ps5/combos-ps5/oferta-combo-resident-evil-4-y-village-ps5/,1
DixGamer,HITMAN World of Assassination PS5,Acción,22.40,37.520 ARS,ARS,https://dixgamer.com/shop/juegos/ps5/accion-ps5/hitman-world-of-assassination-ps5/,1
DixGamer,F1 25 Standard Edition PS5,Conducción,44.50,74.538 ARS,ARS,https://dixgamer.com/shop/juegos/ps5/deportes-ps5/f1-25-standard-edition-ps5/,1
DixGamer,GTA V PS5 Retro,Acción,8.90,14.908 ARS,ARS,https://dixgamer.com/shop/juegos/ps5/accion-ps5/gta-v-ps5/,1
DixGamer,UFC 5 PS5,Deportes,17.60,29.480 ARS,ARS,https://dixgamer.com/shop/juegos/ps5/deportes-ps5/ufc-5-ps5/,1
DixGamer,Red Dead Redemption 2 PS5 Retro,Acción,10.30,17.253 ARS,ARS,https://dixgamer.com/shop/juegos/ps5/accion-ps5/red-dead-redemption-2-ps5/,1
DixGamer,Mortal Kombat 11 PS5,Acción,8.00,8 USD,USD,https://dixgamer.com/shop/juegos/ps5/accion-ps5/mortal-kombat-11-ps5/,2
DixGamer,Marvel Spider Man Miles Morales PS5,Acción,13.90,13.90 USD,USD,https://dixgamer.com/shop/juegos/ps5/accion-ps5/marvel-spider-man-miles-morales-ps5/,2
DixGamer,WWE 2K26 Standard Edition PS5,Deportes,20.90,20.90 USD,USD,https://dixgamer.com/shop/juegos/ps5/deportes-ps5/wwe-2k26-standard-edition-ps5/,2
DixGamer,MLB The Show 26 PS5,Deportes,35.20,35.20 USD,USD,https://dixgamer.com/shop/juegos/ps5/deportes-ps5/mlb-the-show-26-ps5/,2
DixGamer,Ready or Not PS5,Acción,26.50,26.50 USD,USD,https://dixgamer.com/shop/juegos/ps5/accion-ps5/ready-or-not-ps5/,2
DixGamer,Ghost of Yotei PS5,Acción,31.30,31.30 USD,USD,https://dixgamer.com/shop/juegos/ps5/accion-ps5/ghost-of-yotei-ps5/,2
DixGamer,Battlefield 6 Standard Edition PS5,Acción,22.80,22.80 USD,USD,https://dixgamer.com/shop/juegos/ps5/accion-ps5/battlefield-6-standard-edition-ps5/,2
DixGamer,Little Nightmares 3 PS5,Aventura,9.20,9.20 USD,USD,https://dixgamer.com/shop/juegos/ps5/aventura-ps5/little-nightmares-3-ps5/,2
DixGamer,Mortal Kombat 1 PS5,Acción,10.10,10.10 USD,USD,https://dixgamer.com/shop/juegos/ps5/accion-ps5/mortal-kombat-1-ps5/,2
DixGamer,DRAGON BALL Sparking ZERO PS5,Acción,18.20,18.20 USD,USD,https://dixgamer.com/shop/juegos/ps5/accion-ps5/dragon-ball-sparking-zero-ps5/,2
DixGamer,SILENT HILL 2 PS5,Acción,20.30,20.30 USD,USD,https://dixgamer.com/shop/juegos/ps5/accion-ps5/silent-hill-2-ps5/,2
DixGamer,Undisputed PS5,Acción,22.90,22.90 USD,USD,https://dixgamer.com/shop/juegos/ps5/deportes-ps5/undisputed-ps5/,2
DixGamer,Rematch PS5,Deportes,10.00,10 USD,USD,https://dixgamer.com/shop/juegos/ps5/deportes-ps5/rematch-ps5/,2
DixGamer,Forza Horizon 5 PS5,Conducción,19.00,19 USD,USD,https://dixgamer.com/shop/juegos/ps5/conduccion-ps5/forza-horizon-5-ps5/,2
DixGamer,MX vs ATV Legends PS5,Conducción,7.00,7 USD,USD,https://dixgamer.com/shop/juegos/ps5/deportes-ps5/mx-vs-atv-legends-ps5/,2
DixGamer,Black Myth Wukong PS5,Acción,26.50,26.50 USD,USD,https://dixgamer.com/shop/juegos/ps5/accion-ps5/black-myth-wukong-ps5/,2
DixGamer,Alan Wake 2 PS5,Aventura,14.30,14.30 USD,USD,https://dixgamer.com/shop/juegos/ps5/aventura-ps5/alan-wake-2-ps5/,2
DixGamer,DEATH STRANDING 2 ON THE BEACH PS5,Acción,26.30,26.30 USD,USD,https://dixgamer.com/shop/juegos/ps5/accion-ps5/death-stranding-2-on-the-beach-ps5/,2
DixGamer,Marvel Spider Man 2 PS5,Acción,20.50,20.50 USD,USD,https://dixgamer.com/shop/juegos/ps5/accion-ps5/marvel-spider-man-2-ps5/,2
DixGamer,It Takes Two PS5,Aventura,9.70,9.70 USD,USD,https://dixgamer.com/shop/juegos/ps5/aventura-ps5/it-takes-two-ps5/,2
DixGamer,Marvel Spider Man Remastered PS5,Acción,35.00,35 USD,USD,https://dixgamer.com/shop/juegos/ps5/accion-ps5/marvel-spider-man-remastered-ps5/,2
DixGamer,Oferta Combo GTA y Red Dead 2 PS5 Retro,Acción,72,72 USD,USD,https://dixgamer.com/shop/juegos/ps5/accion-ps5/oferta-combo-gta-y-red-dead-2-ps5-retro/,2
DixGamer,Split Fiction PS5,Aventura,31.20,31.20 USD,USD,https://dixgamer.com/shop/juegos/ps5/aventura-ps5/split-fiction-ps5/,2
DixGamer,Assassins Creed Valhalla PS5,Acción,8.60,8.60 USD,USD,https://dixgamer.com/shop/juegos/ps5/accion-ps5/assassins-creed-valhalla-ps5/,2
DixGamer,Doom The Dark Ages PS5,Acción,42.50,42.50 USD,USD,https://dixgamer.com/shop/juegos/ps5/accion-ps5/doom-the-dark-ages-ps5/,2
DixGamer,Crash Bandicoot 4 Its About Time PS5,Aventura,11.60,11.60 USD,USD,https://dixgamer.com/shop/juegos/ps5/aventura-ps5/crash-bandicoot-4-its-about-time-ps5/,2
DixGamer,ARC Raiders PS5,Acción,15.00,15 USD,USD,https://dixgamer.com/shop/juegos/ps5/accion-ps5/arc-raiders-ps5/,2
DixGamer,TEKKEN 8 PS5,Acción,19.60,19.60 USD,USD,https://dixgamer.com/shop/juegos/ps5/accion-ps5/tekken-8-ps5/,2
DixGamer,SILENT HILL f PS5,Acción,21.50,21.50 USD,USD,https://dixgamer.com/shop/juegos/ps5/accion-ps5/silent-hill-f-ps5/,2
DixGamer,Assassins Creed Shadows PS5,Acción,26.40,26.40 USD,USD,https://dixgamer.com/shop/juegos/ps5/accion-ps5/assassins-creed-shadows-ps5/,2
DixGamer,HELLDIVERS 2 PS5,Acción,26.90,26.90 USD,USD,https://dixgamer.com/shop/juegos/ps5/accion-ps5/helldivers-2-ps5/,2
DixGamer,No Mans Sky PS5,Acción,12.30,12.30 USD,USD,https://dixgamer.com/shop/juegos/ps5/accion-ps5/no-mans-sky-ps5/,2
DixGamer,Days Gone Remastered PS5,Acción,50.00,50 USD,USD,https://dixgamer.com/shop/juegos/ps5/accion-ps5/days-gone-remastered-ps5/,2
DixGamer,Suicide Squad Kill the Justice League PS5,Acción,14.80,14.80 USD,USD,https://dixgamer.com/shop/juegos/ps5/accion-ps5/suicide-squad-kill-the-justice-league-ps5/,2
DixGamer,Sackboy A Big Adventure PS5,Infantiles,12.00,12 USD,USD,https://dixgamer.com/shop/juegos/ps5/infantiles-ps5/sackboy-a-big-adventure-ps5/,2
DixGamer,Crash Team Racing Nitro Fueled PS5 Retro,Conducción,12.50,12.50 USD,USD,https://dixgamer.com/shop/juegos/ps5/conduccion-ps5/crash-team-racing-nitro-fueled-ps5/,2
DixGamer,Cyberpunk 2077 PS5,Acción,9.40,15.745 ARS,ARS,https://dixgamer.com/shop/juegos/ps5/accion-ps5/cyberpunk-2077-ps5/,3
DixGamer,ASTRO BOT PS5,Acción,32.60,54.605 ARS,ARS,https://dixgamer.com/shop/juegos/ps5/accion-ps5/astro-bot-ps5/,3
DixGamer,Baldurs Gate 3 PS5,Aventura,28.90,48.408 ARS,ARS,https://dixgamer.com/shop/juegos/ps5/aventura-ps5/baldurs-gate-3-ps5/,3
DixGamer,The Crew Motorfest Cross Gen PS5,Aventura,8.50,14.238 ARS,ARS,https://dixgamer.com/shop/juegos/ps5/aventura-ps5/the-crew-motorfest-cross-gen-ps5/,3
DixGamer,SONIC SUPERSTARS PS5,Aventura,9.60,16.080 ARS,ARS,https://dixgamer.com/shop/juegos/ps5/aventura-ps5/sonic-superstars-ps5/,3
DixGamer,Oferta Combo Universo DC PS5,Acción,82.20,137.685 ARS,ARS,https://dixgamer.com/shop/juegos/ps5/accion-ps5/oferta-combo-universo-dc-ps5/,3
DixGamer,Lies Of P PS5,Acción,14.40,24.120 ARS,ARS,https://dixgamer.com/shop/juegos/ps5/accion-ps5/lies-of-p-ps5/,3
DixGamer,Dead Space PS5,Acción,13.10,21.943 ARS,ARS,https://dixgamer.com/shop/juegos/ps5/accion-ps5/dead-space-ps5/,3
DixGamer,The Last of Us Part I PS5,Acción,22.50,37.688 ARS,ARS,https://dixgamer.com/shop/juegos/ps5/accion-ps5/the-last-of-us-part-i-ps5/,3
DixGamer,Stellar Blade PS5,Acción,28.20,47.235 ARS,ARS,https://dixgamer.com/shop/juegos/ps5/accion-ps5/stellar-blade-ps5/,3
DixGamer,The Last of Us Part II Remastered PS5,Acción,45.00,75.375 ARS,ARS,https://dixgamer.com/shop/juegos/ps5/accion-ps5/the-last-of-us-part-ii-remastered-ps5/,3
DixGamer,Death Stranding PS5 Retro,Aventura,21.20,35.510 ARS,ARS,https://dixgamer.com/shop/juegos/ps5/aventura-ps5/death-stranding-ps5/,3
DixGamer,Until Dawn PS5,Acción,20.00,33.500 ARS,ARS,https://dixgamer.com/shop/juegos/ps5/accion-ps5/until-dawn-ps5/,3
DixGamer,God Of War 3 Remastered PS5 Retro,Acción,8.90,14.908 ARS,ARS,https://dixgamer.com/shop/juegos/ps5/accion-ps5/god-of-war-3-remastered-ps5/,3
DixGamer,Resident Evil Village PS5,Acción,7.30,12.228 ARS,ARS,https://dixgamer.com/shop/juegos/ps5/accion-ps5/resident-evil-village-ps5/,3
DixGamer,WRC 10 PS5 Retro,Conducción,17.20,28.810 ARS,ARS,https://dixgamer.com/shop/juegos/ps5/conduccion-ps5/wrc-10-ps5-retro/,3
DixGamer,Far Cry 6 PS5,Acción,10.40,17.420 ARS,ARS,https://dixgamer.com/shop/juegos/ps5/accion-ps5/far-cry-6-ps5/,3
DixGamer,Hogwarts Legacy PS5 Retro,Acción,7.60,12.730 ARS,ARS,https://dixgamer.com/shop/juegos/ps5/accion-ps5/hogwarts-legacy-ps5-retro/,3
DixGamer,God of War PS5 Retro,Acción,7.20,12.060 ARS,ARS,https://dixgamer.com/shop/juegos/ps5/accion-ps5/god-of-war-ps5/,3
DixGamer,Assassins Creed Mirage PS5,Acción,8.80,14.740 ARS,ARS,https://dixgamer.com/shop/juegos/ps5/accion-ps5/assassins-creed-mirage-ps5/,3
DixGamer,Star Wars Jedi Survivor y Fallen Order PS5,Acción,7.00,11.725 ARS,ARS,https://dixgamer.com/shop/juegos/ps5/accion-ps5/star-wars-jedi-survivor-y-fallen-order-ps5/,3
DixGamer,The Crew Motorfest Standard Edition PS5 Retro,Conducción,8.10,13.568 ARS,ARS,https://dixgamer.com/shop/juegos/ps5/conduccion-ps5/the-crew-motorfest-standard-edition-ps5-retro/,3
DixGamer,Call of Duty Modern Warfare III Cross Gen Bundle PS5,Acción,14.80,24.790 ARS,ARS,https://dixgamer.com/shop/juegos/ps5/accion-ps5/call-of-duty-modern-warfare-iii-cross-gen-bundle-ps5/,3
DixGamer,Call of Duty WW2 PS5 Retro,Acción,10.30,17.253 ARS,ARS,https://dixgamer.com/shop/juegos/ps5/accion-ps5/call-of-duty-ww2-ps5/,3
DixGamer,GTA The Trilogy The Definitive Edition PS5,Acción,10.00,16.750 ARS,ARS,https://dixgamer.com/shop/juegos/ps5/accion-ps5/gta-the-trilogy-the-definitive-edition-ps5/,3
DixGamer,Returnal PS5,Acción,31.60,52.930 ARS,ARS,https://dixgamer.com/shop/juegos/ps5/accion-ps5/returnal-ps5/,3
DixGamer,Jurassic World Evolution 2 PS5,Aventura,9.30,15.578 ARS,ARS,https://dixgamer.com/shop/juegos/ps5/aventura-ps5/jurassic-world-evolution-2-ps5/,3
DixGamer,Mafia Trilogy PS5 Retro,Acción,22.80,38.190 ARS,ARS,https://dixgamer.com/shop/juegos/ps5/accion-ps5/mafia-trilogy-ps5-retro/,3
DixGamer,Assetto Corsa Competizione PS5,Conducción,7.20,12.060 ARS,ARS,https://dixgamer.com/shop/juegos/ps5/conduccion-ps5/assetto-corsa-competizione-ps5/,3
DixGamer,Car Mechanic Simulator 2021 PS5,Conducción,7.40,12.395 ARS,ARS,https://dixgamer.com/shop/juegos/ps5/conduccion-ps5/car-mechanic-simulator-2021-ps5/,3
DixGamer,EA SPORTS FC 25 Standard Edition PS5,Deportes,15.50,25.963 ARS,ARS,https://dixgamer.com/shop/juegos/ps5/deportes-ps5/ea-sports-fc-25-standard-edition-ps5/,3
DixGamer,WWE 2K24 Cross Gen PS5,Acción,14.70,24.623 ARS,ARS,https://dixgamer.com/shop/juegos/ps5/deportes-ps5/wwe-2k24-cross-gen-ps5/,3
DixGamer,Oferta Combo Super Heroes PS5 Retro,Acción,50.1,83.917 ARS,ARS,https://dixgamer.com/shop/juegos/ps5/accion-ps5/oferta-combo-super-heroes-ps5-retro/,3
DixGamer,DayZ PS5 Retro,Aventura,14.00,23.450 ARS,ARS,https://dixgamer.com/shop/juegos/ps5/aventura-ps5/dayz-ps5-retro/,3
DixGamer,Horizon Forbidden West PS5,Acción,9.20,15.410 ARS,ARS,https://dixgamer.com/shop/juegos/ps5/accion-ps5/horizon-forbidden-west-ps5/,3
DixGamer,The Last of Us Remastered PS5 Retro,Acción,8.30,13.903 ARS,ARS,https://dixgamer.com/shop/juegos/ps5/accion-ps5/the-last-of-us-remastered-ps5/,3
DixGamer,DRAGON BALL Z KAKAROT PS5,Acción,8.70,14.572 ARS,ARS,https://dixgamer.com/shop/juegos/ps5/accion-ps5/dragon-ball-z-kakarot-ps5/,4
DixGamer,Uncharted 4 PS5 Retro,Acción,13.10,21.943 ARS,ARS,https://dixgamer.com/shop/juegos/ps5/accion-ps5/uncharted-4-ps5-retro/,4
DixGamer,Elden Ring PS5,Aventura,25.60,42.880 ARS,ARS,https://dixgamer.com/shop/juegos/ps5/aventura-ps5/elden-ring-ps5/,4
DixGamer,Dying Light 2 Stay Human PS5,Acción,13.30,22.278 ARS,ARS,https://dixgamer.com/shop/juegos/ps5/accion-ps5/dying-light-2-stay-human-ps5/,4
DixGamer,WWE 2K25 Standard Edition PS5,Acción,18.80,31.490 ARS,ARS,https://dixgamer.com/shop/juegos/ps5/deportes-ps5/wwe-2k25-standard-edition-ps5/,4
DixGamer,The Callisto Protocol PS5 Retro,Acción,22.90,38.358 ARS,ARS,https://dixgamer.com/shop/juegos/ps5/accion-ps5/the-callisto-protocol-ps5-retro/,4
DixGamer,Sniper Elite 5 PS5,Acción,7.50,12.563 ARS,ARS,https://dixgamer.com/shop/juegos/ps5/accion-ps5/sniper-elite-5-ps5/,4
DixGamer,Alan Wake Remastered PS5,Acción,7.00,11.725 ARS,ARS,https://dixgamer.com/shop/juegos/ps5/accion-ps5/alan-wake-remastered-ps5/,4
DixGamer,Dead Island 2 PS5,Acción,9.70,16.247 ARS,ARS,https://dixgamer.com/shop/juegos/ps5/accion-ps5/dead-island-2-ps5/,4
DixGamer,TopSpin 2K25 Cross Gen PS5,Deportes,10.40,17.420 ARS,ARS,https://dixgamer.com/shop/juegos/ps5/deportes-ps5/topspin-2k25-cross-gen-ps5/,4
DixGamer,Sifu PS5,Acción,8.60,14.405 ARS,ARS,https://dixgamer.com/shop/juegos/ps5/accion-ps5/sifu-ps5/,4
DixGamer,Ace Combat 7 Skies Unknown PS5 Retro,Acción,7.00,11.725 ARS,ARS,https://dixgamer.com/shop/juegos/ps5/accion-ps5/ace-combat-7-skies-unknown-ps5-retro/,4
DixGamer,Sekiro Shadows Die Twice PS5 Retro,Acción,30.60,51.255 ARS,ARS,https://dixgamer.com/shop/juegos/ps5/accion-ps5/sekiro-shadows-die-twice-ps5/,4
DixGamer,Diablo IV Standard Edition PS5,Aventura,16.60,27.805 ARS,ARS,https://dixgamer.com/shop/juegos/ps5/aventura-ps5/diablo-iv-standard-edition-ps5/,4
DixGamer,Detroit Become Human PS5 Retro,Acción,8.90,14.908 ARS,ARS,https://dixgamer.com/shop/juegos/ps5/accion-ps5/detroit-become-human-ps5-retro/,4
DixGamer,SnowRunner PS5,Conducción,8.90,14.908 ARS,ARS,https://dixgamer.com/shop/juegos/ps5/conduccion-ps5/snowrunner-ps5/,4
DixGamer,Call of Duty Black Ops 3 Zombies Chronicles Edition PS5 Retro,Acción,8.60,14.405 ARS,ARS,https://dixgamer.com/shop/juegos/ps5/accion-ps5/call-of-duty-black-ops-3-zombies-chronicles-edition-ps5-retrocompatible/,4
DixGamer,Outer Wilds PS5,Aventura,8.10,13.568 ARS,ARS,https://dixgamer.com/shop/juegos/ps5/aventura-ps5/outer-wilds-ps5/,4
DixGamer,Five Nights at Freddys Security Breach PS5,Aventura,7.40,12.395 ARS,ARS,https://dixgamer.com/shop/juegos/ps5/aventura-ps5/five-nights-at-freddys-security-breach-ps5/,4
DixGamer,Ghost Of Tsushima PS5 Retro,Acción,15.80,26.465 ARS,ARS,https://dixgamer.com/shop/juegos/ps5/accion-ps5/ghost-of-tsushima-ps5/,4
DixGamer,World War Z PS5 Retro,Acción,10.30,17.253 ARS,ARS,https://dixgamer.com/shop/juegos/ps5/accion-ps5/world-war-z-ps5-retro/,4
DixGamer,The Witcher 3 Wild Hunt PS5,Acción,8.00,13.400 ARS,ARS,https://dixgamer.com/shop/juegos/ps5/accion-ps5/the-witcher-3-wild-hunt-ps5/,4
DixGamer,Oferta Combo Deportes PS5 Retro,Combos,93.20,156.110 ARS,ARS,https://dixgamer.com/shop/juegos/ps5/deportes-ps5/oferta-combo-deportes-ps5-retro/,4
DixGamer,BioShock The Collection PS5 Retro,Combos,7.30,12.228 ARS,ARS,https://dixgamer.com/shop/juegos/ps5/rol-ps5/bioshock-the-collection-ps5-retro/,4
DixGamer,Oferta Combo Grandes Exitos PS5 Retro,Acción,89.3,149.578 ARS,ARS,https://dixgamer.com/shop/juegos/ps5/accion-ps5/oferta-combo-grandes-exitos-ps5-retro/,4
DixGamer,ELDEN RING NIGHTREIGN PS5,Acción,14.60,24.455 ARS,ARS,https://dixgamer.com/shop/juegos/ps5/accion-ps5/elden-ring-nightreign-ps5/,4
DixGamer,Rise of the Ronin PS5,Acción,34.90,58.458 ARS,ARS,https://dixgamer.com/shop/juegos/ps5/accion-ps5/rise-of-the-ronin-ps5/,4
DixGamer,Dragons Dogma 2 PS5,Aventura,25.10,42.043 ARS,ARS,https://dixgamer.com/shop/juegos/ps5/aventura-ps5/dragons-dogma-2-ps5/,4
DixGamer,DOOM Eternal PS5,Acción,14.50,24.288 ARS,ARS,https://dixgamer.com/shop/juegos/ps5/accion-ps5/doom-eternal-ps5/,4
DixGamer,Riders Republic PS5,Aventura,8.60,14.405 ARS,ARS,https://dixgamer.com/shop/juegos/ps5/deportes-ps5/riders-republic-ps5/,4
DixGamer,Fallout 4 PS5,Acción,8.80,14.740 ARS,ARS,https://dixgamer.com/shop/juegos/ps5/accion-ps5/fallout-4-ps5/,4
DixGamer,Call of Duty Black Ops 6 Cross Gen Bundle PS5,Acción,10.80,18.090 ARS,ARS,https://dixgamer.com/shop/juegos/ps5/accion-ps5/call-of-duty-black-ops-6-cross-gen-bundle-ps5/,4
DixGamer,Oferta Combo Duelos Inmortales PS5 Retro,Acción,78,130.650 ARS,ARS,https://dixgamer.com/shop/juegos/ps5/accion-ps5/oferta-combo-duelos-inmortales-ps5-retro/,4
DixGamer,Sonic Frontiers PS5,Aventura,20.10,33.668 ARS,ARS,https://dixgamer.com/shop/juegos/ps5/aventura-ps5/sonic-frontiers-ps5/,4
DixGamer,Prince of Persia The Lost Crown PS5,Aventura,7.00,11.725 ARS,ARS,https://dixgamer.com/shop/juegos/ps5/aventura-ps5/prince-of-persia-the-lost-crown-ps5/,4
DixGamer,Combo Overcooked PS5 Retro,Aventura,7.00,11.725 ARS,ARS,https://dixgamer.com/shop/juegos/ps5/aventura-ps5/combo-overcooked-ps5-retro/,4
DixGamer,Oferta Combo Raccoon City PS5,Acción,62.80,105.190 ARS,ARS,https://dixgamer.com/shop/juegos/ps5/accion-ps5/oferta-combo-raccoon-city-ps5/,5
DixGamer,Dragon Ball Fighter Z PS5,Acción,7.30,12.228 ARS,ARS,https://dixgamer.com/shop/juegos/ps5/accion-ps5/dragon-ball-fighter-z-ps5/,5
DixGamer,NBA 2K25 Standard Edition PS5,Deportes,7.40,12.395 ARS,ARS,https://dixgamer.com/shop/juegos/ps5/deportes-ps5/nba-2k25-standard-edition-ps5/,5
DixGamer,Oferta Combo Accion y Supervivencia PS5 Retro,Aventura,48.70,81.573 ARS,ARS,https://dixgamer.com/shop/juegos/ps5/aventura-ps5/oferta-combo-accion-y-supervivencia-ps5-retro/,5
DixGamer,F1 24 Standard Edition PS5,Conducción,15.40,25.795 ARS,ARS,https://dixgamer.com/shop/juegos/ps5/deportes-ps5/f1-24-standard-edition-ps5/,5
DixGamer,EA SPORTS FC 24 Standard Edition PS5,Deportes,54.10,90.618 ARS,ARS,https://dixgamer.com/shop/juegos/ps5/deportes-ps5/ea-sports-fc-24-standard-edition-ps5/,5
DixGamer,Bully PS5 Retro,Acción,7.00,11.725 ARS,ARS,https://dixgamer.com/shop/juegos/ps5/accion-ps5/bully-ps5-retro/,5
DixGamer,NBA 2K24 Kobe Bryant Edition PS5 Retro,Deportes,46.60,78.055 ARS,ARS,https://dixgamer.com/shop/juegos/ps5/deportes-ps5/nba-2k24-kobe-bryant-edition-ps5-retro/,5
DixGamer,Hello Neighbor PS5 Retro,Aventura,8.60,14.405 ARS,ARS,https://dixgamer.com/shop/juegos/ps5/aventura-ps5/hello-neighbor-ps5-retro/,5
DixGamer,Combo Unravel 1 y 2 PS5 Retro,Infantiles,7.50,12.563 ARS,ARS,https://dixgamer.com/shop/juegos/ps5/infantiles-ps5/combo-unravel-1-y-2-ps5-retro/,5
DixGamer,Subnautica PS5,Aventura,12.50,20.938 ARS,ARS,https://dixgamer.com/shop/juegos/ps5/aventura-ps5/subnautica-ps5/,5
DixGamer,Street Fighter 6 PS5,Acción,11.50,19.263 ARS,ARS,https://dixgamer.com/shop/juegos/ps5/accion-ps5/street-fighter-6-ps5/,5
DixGamer,F1 23 Standard Edition PS5,Conducción,54.10,90.618 ARS,ARS,https://dixgamer.com/shop/juegos/ps5/deportes-ps5/f1-23-standard-edition-ps5/,5
DixGamer,WWE 2K23 PS5 Retro,Deportes,46.60,78.055 ARS,ARS,https://dixgamer.com/shop/juegos/ps5/deportes-ps5/wwe-2k23-ps5-retro/,5
DixGamer,Oferta Combo Pack Deportivo PS5 Retro,Combos,63.9,107.033 ARS,ARS,https://dixgamer.com/shop/juegos/ps5/deportes-ps5/oferta-combo-pack-deportivo-ps5-retro/,5
DixGamer,Oferta Combo Lucha 2 PS5 Retro,Acción,89.3,149.578 ARS,ARS,https://dixgamer.com/shop/juegos/ps5/accion-ps5/oferta-combo-lucha-2-ps5-retro/,5
DixGamer,Oferta Combo UFC 3 y FIFA 23 PS5 Retro,Combos,72,120.600 ARS,ARS,https://dixgamer.com/shop/juegos/ps5/deportes-ps5/oferta-combo-ufc-3-y-fifa-23-ps5-retro/,5
DixGamer,Fifa 23 PS5 Retro,Deportes,46.60,78.055 ARS,ARS,https://dixgamer.com/shop/juegos/ps5/deportes-ps5/fifa-23-ps5-retro/,5
DixGamer,Oferta Combo Uncharted PS5 Retro,Aventura,66.00,110.550 ARS,ARS,https://dixgamer.com/shop/juegos/ps5/aventura-ps5/oferta-combo-uncharted-ps5-retro/,5
DixGamer,Oferta Combo Tom Clancy PS5 Retro,Acción,111,185.925 ARS,ARS,https://dixgamer.com/shop/juegos/ps5/accion-ps5/oferta-combo-tom-clancy-ps5-retro/,5
DixGamer,Call of Duty Modern Warfare II PS5,Acción,25.10,42.043 ARS,ARS,https://dixgamer.com/shop/juegos/ps5/accion-ps5/call-of-duty-modern-warfare-ii-ps5/,5
DixGamer,Uncharted Legacy of Thieves Collection PS5,Acción,41.00,68.675 ARS,ARS,https://dixgamer.com/shop/juegos/ps5/accion-ps5/uncharted-legacy-of-thieves-collection-ps5/,5
DixGamer,Oferta Combo Diversion PS5 Retro,Aventura,80.1,134.168 ARS,ARS,https://dixgamer.com/shop/juegos/ps5/aventura-ps5/oferta-combo-diversion-ps5-retro/,5
DixGamer,Oferta Combo God Of War PS5 Retro,Aventura,83.8,140.365 ARS,ARS,https://dixgamer.com/shop/juegos/ps5/aventura-ps5/oferta-combo-god-of-war-ps5-retro/,5
DixGamer,Oferta Combo FIFA PS5 Retro,Combos,139.8,234.165 ARS,ARS,https://dixgamer.com/shop/juegos/ps5/deportes-ps5/oferta-combo-fifa-ps5-retro/,5
DixGamer,Oferta Combo Dragon Ball PS5 Retro,Aventura,81.2,136.010 ARS,ARS,https://dixgamer.com/shop/juegos/ps5/aventura-ps5/oferta-combo-dragon-ball-ps5-retro/,5
DixGamer,Oferta Combo Assassins PS5 Retro,Aventura,118.60,198.655 ARS,ARS,https://dixgamer.com/shop/juegos/ps5/aventura-ps5/oferta-combo-assassins-ps5-retro/,5
DixGamer,Oferta Combo Mortal Kombat PS5 Retro,Combos,73.6,123.280 ARS,ARS,https://dixgamer.com/shop/juegos/ps5/multijugador-ps5/oferta-combo-mortal-kombat-ps5-retro/,5
DixGamer,Oferta Combo Lego Heroes PS5 Retro,Combos,51.9,86.933 ARS,ARS,https://dixgamer.com/shop/juegos/ps5/infantiles-ps5/oferta-combo-lego-heroes-ps5-retro/,5
DixGamer,Oferta Combo Battlefield 1 4 y 5 PS5 Retro,Acción,80.1,134.168 ARS,ARS,https://dixgamer.com/shop/juegos/ps5/accion-ps5/oferta-combo-battlefield-1-4-y-5-ps5-retro/,5
DixGamer,Oferta Combo Infancia PS5 Retro,Combos,51.9,86.933 ARS,ARS,https://dixgamer.com/shop/juegos/ps5/infantiles-ps5/oferta-combo-infancia-ps5-retro/,5
DixGamer,Oferta Combo Far Cry PS5 Retro,Aventura,110.5,185.088 ARS,ARS,https://dixgamer.com/shop/juegos/ps5/aventura-ps5/oferta-combo-far-cry-ps5-retro/,5
DixGamer,NBA 2K23 PS5 Retro,Deportes,7.60,12.730 ARS,ARS,https://dixgamer.com/shop/juegos/ps5/deportes-ps5/nba-2k23-ps5-retro/,5
DixGamer,Nickelodeon All Star Brawl PS5,Infantiles,17.60,29.480 ARS,ARS,https://dixgamer.com/shop/juegos/ps5/infantiles-ps5/nickelodeon-all-star-brawl-ps5/,5
DixGamer,Stray PS5,Aventura,7.50,12.563 ARS,ARS,https://dixgamer.com/shop/juegos/ps5/aventura-ps5/stray-ps5/,5
DixGamer,F1 22 PS5 Retro,Conducción,46.60,78.055 ARS,ARS,https://dixgamer.com/shop/juegos/ps5/conduccion-ps5/f1-22-ps5-retro/,5
DixGamer,Demon Slayer Kimetsu no Yaiba The Hinokami Chronicles PS5,Acción,14.20,266 MXN,MXN,https://dixgamer.com/shop/juegos/ps5/accion-ps5/demon-slayer-kimetsu-no-yaiba-the-hinokami-chronicles-ps5/,6
DixGamer,Bus Driver Simulator PS5 Retro,Conducción,7.30,137 MXN,MXN,https://dixgamer.com/shop/juegos/ps5/conduccion-ps5/bus-driver-simulator-ps5-retro/,6
DixGamer,Oferta Combo Need For Speed PS5 Retro,Combos,81.2,1.524 MXN,MXN,https://dixgamer.com/shop/juegos/ps5/conduccion-ps5/oferta-combo-need-for-speed-ps5-retro/,6
DixGamer,Oferta Combo Call of Duty PS5 Retro,Acción,139.8,2.623 MXN,MXN,https://dixgamer.com/shop/juegos/ps5/accion-ps5/oferta-combo-call-of-duty-ps5-retro/,6
DixGamer,Oferta Combo Lucha PS5 Retro,Acción,81.7,1.533 MXN,MXN,https://dixgamer.com/shop/juegos/ps5/accion-ps5/oferta-combo-lucha-ps5-retro/,6
DixGamer,Visage PS5 Retro,Aventura,16.10,302 MXN,MXN,https://dixgamer.com/shop/juegos/ps5/aventura-ps5/visage-ps5-retro/,6
DixGamer,FIFA 22 PS5 Retro,Deportes,46.60,874 MXN,MXN,https://dixgamer.com/shop/juegos/ps5/deportes-ps5/fifa-22-ps5-retro/,6
DixGamer,Among Us PS5,Estrategia,8.00,150 MXN,MXN,https://dixgamer.com/shop/juegos/ps5/estrategia-ps5/among-us-ps5/,6
DixGamer,STAR WARS Jedi Fallen Order PS5,Acción,9.90,186 MXN,MXN,https://dixgamer.com/shop/juegos/ps5/accion-ps5/star-wars-jedi-fallen-order-ps5/,6
DixGamer,Metro Exodus PS5,Acción,7.70,144 MXN,MXN,https://dixgamer.com/shop/juegos/ps5/accion-ps5/metro-exodus-ps5/,6
DixGamer,Attack on Titan 2 Final Battle PS5 Retro,Acción,25.70,482 MXN,MXN,https://dixgamer.com/shop/juegos/ps5/accion-ps5/attack-on-titan-2-final-battle-ps5-retro/,6
DixGamer,Back 4 Blood PS5,Acción,7.00,131 MXN,MXN,https://dixgamer.com/shop/juegos/ps5/accion-ps5/back-4-blood-ps5/,6
DixGamer,Cities Skylines PS5,Estrategia,31.40,589 MXN,MXN,https://dixgamer.com/shop/juegos/ps5/estrategia-ps5/cities-skylines-ps5/,6
DixGamer,WWE 2K22 PS5 Retro,Deportes,46.60,874 MXN,MXN,https://dixgamer.com/shop/juegos/ps5/deportes-ps5/wwe-2k22-ps5-retro/,6
DixGamer,PAW Patrol Mighty Pups Save Adventure Bay PS5 Retro,Aventura,7.70,144 MXN,MXN,https://dixgamer.com/shop/juegos/ps5/aventura-ps5/paw-patrol-mighty-pups-save-adventure-bay-ps5-retro/,6
DixGamer,Overcooked 2 PS5 Retro,Infantiles,10.90,205 MXN,MXN,https://dixgamer.com/shop/juegos/ps5/infantiles-ps5/overcooked-2-ps5-retro/,6
DixGamer,Just Dance 2022 PS5 Retro,Infantiles,39.00,732 MXN,MXN,https://dixgamer.com/shop/juegos/ps5/infantiles-ps5/just-dance-2022-ps5-retro/,6
DixGamer,Farming Simulator 22 PS5,Conducción,19.00,357 MXN,MXN,https://dixgamer.com/shop/juegos/ps5/conduccion-ps5/farming-simulator-22-ps5/,6
DixGamer,Marvels Guardians of the Galaxy PS5,Acción,7.10,133 MXN,MXN,https://dixgamer.com/shop/juegos/ps5/accion-ps5/marvels-guardians-of-the-galaxy-ps5/,6
DixGamer,The King Of Fighters XV PS5,Acción,7.20,135 MXN,MXN,https://dixgamer.com/shop/juegos/ps5/accion-ps5/the-king-of-fighters-xv-ps5/,6
DixGamer,Call of Duty Vanguard PS5 Retro,Acción,8.80,165 MXN,MXN,https://dixgamer.com/shop/juegos/ps5/accion-ps5/call-of-duty-vanguard-ps5-retro/,6
DixGamer,Battlefield 2042 PS5,Acción,8.40,158 MXN,MXN,https://dixgamer.com/shop/juegos/ps5/accion-ps5/battlefield-2042-ps5/,6
DixGamer,Fifa 21 PS5 Retro,Deportes,46.60,874 MXN,MXN,https://dixgamer.com/shop/juegos/ps5/deportes-ps5/fifa-21-ps5-retro/,6
DixGamer,Call Of Duty Modern Warfare PS5 Retro,Acción,9.10,171 MXN,MXN,https://dixgamer.com/shop/juegos/ps5/accion-ps5/call-of-duty-modern-warfare-ps5/,6
DixGamer,Kena Bridge of Spirits PS5,Aventura,16.40,308 MXN,MXN,https://dixgamer.com/shop/juegos/ps5/aventura-ps5/kena-bridge-of-spirits-ps5/,6
DixGamer,NBA 2K22 PS5 Retro,Deportes,46.60,874 MXN,MXN,https://dixgamer.com/shop/juegos/ps5/deportes-ps5/nba-2k22-ps5-retro/,6
DixGamer,Borderlands 3 PS5,Acción,11.40,214 MXN,MXN,https://dixgamer.com/shop/juegos/ps5/accion-ps5/borderlands-3-ps5/,6
DixGamer,Watch Dogs PS5 Retro,Acción,8.50,160 MXN,MXN,https://dixgamer.com/shop/juegos/ps5/accion-ps5/watch-dogs-ps5-retro/,6
DixGamer,Watch Dogs 2 PS5 Retro,Acción,7.20,135 MXN,MXN,https://dixgamer.com/shop/juegos/ps5/accion-ps5/watch-dogs-2-ps5-retro/,6
DixGamer,WWE 2K18 PS5 Retro,Deportes,46.60,874 MXN,MXN,https://dixgamer.com/shop/juegos/ps5/deportes-ps5/wwe-2k18-ps5-retro/,6
DixGamer,World of Final Fantasy PS5 Retro,Aventura,9.40,176 MXN,MXN,https://dixgamer.com/shop/juegos/ps5/aventura-ps5/world-of-final-fantasy-ps5-retro/,6
DixGamer,Until Dawn PS5 Retro,Acción,7.10,133 MXN,MXN,https://dixgamer.com/shop/juegos/ps5/accion-ps5/until-dawn-ps5-retro/,6
DixGamer,Wolfenstein 2 The New Colossus PS5 Retro,Acción,11.70,220 MXN,MXN,https://dixgamer.com/shop/juegos/ps5/accion-ps5/wolfenstein-2-the-new-colossus-ps5-retro/,6
DixGamer,Combo NFS y NFS Rivals PS5 Retro,Combos,31.40,589 MXN,MXN,https://dixgamer.com/shop/juegos/ps5/conduccion-ps5/combo-nfs-y-nfs-rivals-ps5-retro/,6
DixGamer,Combo Resident Evil 4 5 y 6 PS5 Retro,Acción,7.80,146 MXN,MXN,https://dixgamer.com/shop/juegos/ps5/accion-ps5/combo-resident-evil-4-5-y-6-ps5-retro/,6
DixGamer,ARK Survival Evolved PS5 Retro,Acción,7.40,139 MXN,MXN,https://dixgamer.com/shop/juegos/ps5/accion-ps5/ark-survival-evolved-ps5/,6
DixGamer,Combo Far Cry 4 y Far Cry Primal PS5 Retro,Acción,7.00,131 MXN,MXN,https://dixgamer.com/shop/juegos/ps5/accion-ps5/combo-far-cry-4-y-far-cry-primal-ps5-retro/,7
DixGamer,Combo Accion A PS5 Retro,Acción,46.60,874 MXN,MXN,https://dixgamer.com/shop/juegos/ps5/accion-ps5/combo-accion-a-ps5-retro/,7
DixGamer,Combo Motos A PS5 Retro,Combos,31.40,589 MXN,MXN,https://dixgamer.com/shop/juegos/ps5/conduccion-ps5/combo-motos-a-ps5-retro/,7
DixGamer,Combo Need For Speed Ultimate Bundle PS5 Retro,Combos,9.20,173 MXN,MXN,https://dixgamer.com/shop/juegos/ps5/conduccion-ps5/combo-need-for-speed-ultimate-bundle-ps5-retro/,7
DixGamer,F1 2019 PS5 Retro,Conducción,25.40,477 MXN,MXN,https://dixgamer.com/shop/juegos/ps5/conduccion-ps5/f1-2019-ps5-retro/,7
DixGamer,F1 2017 PS5 Retro,Conducción,25.00,469 MXN,MXN,https://dixgamer.com/shop/juegos/ps5/conduccion-ps5/f1-2017-ps5-retro/,7
DixGamer,Remnant From the Ashes PS5 Retro,Acción,31.40,589 MXN,MXN,https://dixgamer.com/shop/juegos/ps5/accion-ps5/remnant-from-the-ashes-ps5-retro/,7
DixGamer,Battlefield Hardline PS5 Retro,Acción,7.00,131 MXN,MXN,https://dixgamer.com/shop/juegos/ps5/accion-ps5/battlefield-hardline-ps5-retro/,7
DixGamer,Battlefield 4 PS5 Retro,Acción,7.10,133 MXN,MXN,https://dixgamer.com/shop/juegos/ps5/accion-ps5/battlefield-4-ps5-retro/,7
DixGamer,Batman Return to Arkham PS5 Retro,Acción,7.00,131 MXN,MXN,https://dixgamer.com/shop/juegos/ps5/accion-ps5/batman-return-to-arkham-ps5-retro/,7
DixGamer,Diablo 3 Eternal Collection PS5 Retro,Acción,16.10,302 MXN,MXN,https://dixgamer.com/shop/juegos/ps5/accion-ps5/diablo-3-eternal-collection-ps5-retro/,7
DixGamer,Digimon World Next Order PS5 Retro,Infantiles,7.00,131 MXN,MXN,https://dixgamer.com/shop/juegos/ps5/rol-ps5/digimon-world-next-order-ps5-retro/,7
DixGamer,Cars 3 Driven to Win PS5 Retro,Conducción,8.20,154 MXN,MXN,https://dixgamer.com/shop/juegos/ps5/conduccion-ps5/cars-3-driven-to-win-ps5-retro/,7
DixGamer,Uncharted The Nathan Drake Collection PS5 Retro,Acción,8.40,158 MXN,MXN,https://dixgamer.com/shop/juegos/ps5/accion-ps5/uncharted-the-nathan-drake-collection-ps5-retro/,7
DixGamer,Predator Hunting Grounds PS5 Retro,Aventura,7.00,131 MXN,MXN,https://dixgamer.com/shop/juegos/ps5/aventura-ps5/predator-hunting-grounds-ps5-retro/,7
DixGamer,Uncharted The Lost Legacy PS5 Retro,Acción,7.00,131 MXN,MXN,https://dixgamer.com/shop/juegos/ps5/accion-ps5/uncharted-the-lost-legacy-ps5-retro/,7
DixGamer,Sebastien Loeb Rally EVO PS5 Retro,Conducción,7.00,131 MXN,MXN,https://dixgamer.com/shop/juegos/ps5/conduccion-ps5/sebastien-loeb-rally-evo-ps5-retro/,7
DixGamer,Rocket League PS5 Retro,Conducción,17.30,325 MXN,MXN,https://dixgamer.com/shop/juegos/ps5/deportes-ps5/rocket-league-ps5-retro/,7
DixGamer,Shadow Of The Colossus PS5 Retro,Aventura,9.70,182 MXN,MXN,https://dixgamer.com/shop/juegos/ps5/aventura-ps5/shadow-of-the-colossus-ps5-retro/,7
DixGamer,Ultimate Marvel vs CAPCOM 3 PS5 Retro,Acción,7.50,141 MXN,MXN,https://dixgamer.com/shop/juegos/ps5/accion-ps5/ultimate-marvel-vs-capcom-3-ps5-retro/,7
DixGamer,UFC 2 PS5 Retro,Deportes,7.10,133 MXN,MXN,https://dixgamer.com/shop/juegos/ps5/deportes-ps5/ufc-2-ps5-retro/,7
DixGamer,Tomb Raider Definitive Edition PS5 Retro,Acción,7.10,133 MXN,MXN,https://dixgamer.com/shop/juegos/ps5/accion-ps5/tomb-raider-definitive-edition-ps5-retro/,7
DixGamer,Tom Clancys Ghost Recon Wildlands PS5 Retro,Acción,9.80,184 MXN,MXN,https://dixgamer.com/shop/juegos/ps5/accion-ps5/tom-clancys-ghost-recon-wildlands-ps5-retro/,7
DixGamer,Tom Clancys The Division PS5 Retro,Acción,7.10,133 MXN,MXN,https://dixgamer.com/shop/juegos/ps5/accion-ps5/tom-clancys-the-division-ps5-retro/,7
DixGamer,Tom Clancys Ghost Recon Breakpoint PS5 Retro,Acción,7.40,139 MXN,MXN,https://dixgamer.com/shop/juegos/ps5/accion-ps5/tom-clancys-ghost-recon-breakpoint-ps5-retro/,7
DixGamer,Titanfall 2 PS5 Retro,Acción,9.00,169 MXN,MXN,https://dixgamer.com/shop/juegos/ps5/accion-ps5/titanfall-2-ps5-retro/,7
DixGamer,Resident Evil 2 PS5,Acción,9.00,169 MXN,MXN,https://dixgamer.com/shop/juegos/ps5/accion-ps5/resident-evil-2-ps5/,7
DixGamer,Fall Guys Ultimate Knockout PS5,Aventura,17.30,325 MXN,MXN,https://dixgamer.com/shop/juegos/ps5/aventura-ps5/fall-guys-ultimate-knockout-ps5/,7
DixGamer,STAR WARS Squadrons PS5 Retro,Acción,9.20,173 MXN,MXN,https://dixgamer.com/shop/juegos/ps5/accion-ps5/star-wars-squadrons-ps5-retro/,7
DixGamer,Tony Hawks Pro Skater 1 y 2 PS5 Retro,Deportes,10.30,193 MXN,MXN,https://dixgamer.com/shop/juegos/ps5/deportes-ps5/tony-hawks-pro-skater-1-y-2-ps5-retro/,7
DixGamer,WWE 2K19 PS5 Retro,Deportes,46.60,874 MXN,MXN,https://dixgamer.com/shop/juegos/ps5/deportes-ps5/wwe-2k19-ps5/,7
DixGamer,Call of Duty Black Ops 4 PS5 Retro,Acción,10.40,195 MXN,MXN,https://dixgamer.com/shop/juegos/ps5/accion-ps5/call-of-duty-black-ops-4-ps5/,7
DixGamer,Just Dance 2021 PS5 Retro,Infantiles,39.00,732 MXN,MXN,https://dixgamer.com/shop/juegos/ps5/infantiles-ps5/just-dance-2021-ps5-retrocompatible/,7
DixGamer,Metal Gear Solid V DEFINITIVE EXPERIENCE PS5 Retro,Acción,7.30,137 MXN,MXN,https://dixgamer.com/shop/juegos/ps5/accion-ps5/metal-gear-solid-v-definitive-experience-ps5-retro/,7
DixGamer,Mass Effect Andromeda PS5 Retro,Acción,17.30,325 MXN,MXN,https://dixgamer.com/shop/juegos/ps5/accion-ps5/mass-effect-andromeda-ps5-retro/,7
DixGamer,Marvel vs Capcom Infinite PS5 Retro,Acción,11.80,221 MXN,MXN,https://dixgamer.com/shop/juegos/ps5/accion-ps5/marvel-vs-capcom-infinite-ps5-retro/,7
DixGamer,Mafia 3 PS5 Retro,Acción,7.70,144 MXN,MXN,https://dixgamer.com/shop/juegos/ps5/accion-ps5/mafia-3-ps5-retro/,8
DixGamer,eFootball PES 2020 PS5 Retro,Deportes,17.30,325 MXN,MXN,https://dixgamer.com/shop/juegos/ps5/deportes-ps5/efootball-pes-2020-ps5-retro/,8
DixGamer,PES 2019 PS5 Retro,Deportes,30.50,572 MXN,MXN,https://dixgamer.com/shop/juegos/ps5/deportes-ps5/pes-2019-ps5-retro/,8
DixGamer,PES 2018 PS5 Retro,Deportes,60.00,1.126 MXN,MXN,https://dixgamer.com/shop/juegos/ps5/deportes-ps5/pes-2018-ps5-retro/,8
DixGamer,PES 2017 PS5 Retro,Deportes,42.00,788 MXN,MXN,https://dixgamer.com/shop/juegos/ps5/deportes-ps5/pes-2017-ps5-retro/,8
DixGamer,LEGO Marvel Super Heroes PS5 Retro,Infantiles,8.10,152 MXN,MXN,https://dixgamer.com/shop/juegos/ps5/infantiles-ps5/lego-marvel-super-heroes-ps5-retro/,8
DixGamer,LEGO Star Wars The Force Awakens PS5 Retro,Infantiles,7.10,133 MXN,MXN,https://dixgamer.com/shop/juegos/ps5/infantiles-ps5/lego-star-wars-the-force-awakens-ps5-retro/,8
DixGamer,LEGO Marvel Avengers PS5 Retro,Infantiles,7.10,133 MXN,MXN,https://dixgamer.com/shop/juegos/ps5/infantiles-ps5/lego-marvel-avengers-ps5-retro/,8
DixGamer,LEGO Worlds PS5 Retro,Infantiles,7.10,133 MXN,MXN,https://dixgamer.com/shop/juegos/ps5/infantiles-ps5/lego-worlds-ps5-retro/,8
DixGamer,LEGO Marvel Super Heroes 2 PS5 Retro,Infantiles,7.10,133 MXN,MXN,https://dixgamer.com/shop/juegos/ps5/infantiles-ps5/lego-marvel-super-heroes-2-ps5-retro/,8
DixGamer,LEGO CITY Undercover PS5 Retro,Infantiles,8.40,158 MXN,MXN,https://dixgamer.com/shop/juegos/ps5/infantiles-ps5/lego-city-undercover-ps5-retro/,8
DixGamer,The LEGO Movie Videogame PS5 Retro,Infantiles,7.00,131 MXN,MXN,https://dixgamer.com/shop/juegos/ps5/infantiles-ps5/the-lego-movie-videogame-ps5-retro/,8
DixGamer,LEGO Harry Potter Collection PS5 Retro,Combos,8.20,154 MXN,MXN,https://dixgamer.com/shop/juegos/ps5/infantiles-ps5/lego-harry-potter-collection-ps5-retro/,8
DixGamer,Mad Max PS5 Retro,Acción,7.90,148 MXN,MXN,https://dixgamer.com/shop/juegos/ps5/accion-ps5/mad-max-ps5-retro/,8
DixGamer,KINGDOM HEARTS 3 PS5 Retro,Aventura,19.80,372 MXN,MXN,https://dixgamer.com/shop/juegos/ps5/aventura-ps5/kingdom-hearts-3-ps5-retro/,8
DixGamer,Kingdom Come Deliverance PS5 Retro,Acción,25.40,477 MXN,MXN,https://dixgamer.com/shop/juegos/ps5/accion-ps5/kingdom-come-deliverance-ps5-retro/,8
DixGamer,Little Big Planet 3 PS5 Retro,Aventura,17.30,325 MXN,MXN,https://dixgamer.com/shop/juegos/ps5/aventura-ps5/little-big-planet-3-ps5-retro/,8
DixGamer,Little Nightmares PS5 Retro,Aventura,7.30,137 MXN,MXN,https://dixgamer.com/shop/juegos/ps5/aventura-ps5/little-nightmares-ps5-retro/,8
DixGamer,Just Dance 2020 PS5 Retro,Infantiles,31.40,589 MXN,MXN,https://dixgamer.com/shop/juegos/ps5/infantiles-ps5/just-dance-2020-ps5-retro/,8
DixGamer,Just Dance 2018 PS5 Retro,Infantiles,17.30,325 MXN,MXN,https://dixgamer.com/shop/juegos/ps5/infantiles-ps5/just-dance-2018-ps5-retro/,8
DixGamer,Just Dance 2017 PS5 Retro,Infantiles,17.30,325 MXN,MXN,https://dixgamer.com/shop/juegos/ps5/infantiles-ps5/just-dance-2017-ps5-retro/,8
DixGamer,InFamous Second Son PS5 Retro,Acción,7.90,148 MXN,MXN,https://dixgamer.com/shop/juegos/ps5/accion-ps5/infamous-second-son-ps5-retro/,8
DixGamer,Killzone Shadow Fall PS5 Retro,Acción,7.10,133 MXN,MXN,https://dixgamer.com/shop/juegos/ps5/accion-ps5/killzone-shadow-fall-ps5-retro/,8
DixGamer,Just Cause 3 PS5 Retro,Acción,7.00,131 MXN,MXN,https://dixgamer.com/shop/juegos/ps5/accion-ps5/just-cause-3-ps5-retro/,8
DixGamer,Just Cause 4 PS5 Retro,Acción,11.50,216 MXN,MXN,https://dixgamer.com/shop/juegos/ps5/accion-ps5/just-cause-4-ps5-retro/,8
DixGamer,Jurassic World Evolution PS5 Retro,Aventura,7.00,131 MXN,MXN,https://dixgamer.com/shop/juegos/ps5/aventura-ps5/jurassic-world-evolution-ps5-retro/,8
DixGamer,Hellblade Senuas Sacrifice PS5 Retro,Aventura,25.40,477 MXN,MXN,https://dixgamer.com/shop/juegos/ps5/aventura-ps5/hellblade-senuas-sacrifice-ps5-retro/,8
DixGamer,Heavy Rain PS5 Retro,Aventura,25.40,477 MXN,MXN,https://dixgamer.com/shop/juegos/ps5/aventura-ps5/heavy-rain-ps5-retro/,8
DixGamer,Friday the 13th PS5 Retro,Acción,8.00,150 MXN,MXN,https://dixgamer.com/shop/juegos/ps5/accion-ps5/friday-the-13th-ps5-retro/,8
DixGamer,Final Fantasy XV PS5 Retro,Aventura,29.50,554 MXN,MXN,https://dixgamer.com/shop/juegos/ps5/aventura-ps5/final-fantasy-xv-ps5-retro/,8
DixGamer,Final Fantasy VII Remake PS5 Retro,Aventura,25.40,477 MXN,MXN,https://dixgamer.com/shop/juegos/ps5/aventura-ps5/final-fantasy-vii-remake-ps5-retro/,8
DixGamer,Fallout 76 PS5 Retro,Acción,31.40,589 MXN,MXN,https://dixgamer.com/shop/juegos/ps5/accion-ps5/fallout-76-ps5-retro/,8
DixGamer,DUCATI 90th Anniversary PS5 Retro,Conducción,7.00,131 MXN,MXN,https://dixgamer.com/shop/juegos/ps5/conduccion-ps5/ducati-90th-anniversary-ps5-retro/,8
DixGamer,Dying Light PS5 Retro,Acción,21.40,402 MXN,MXN,https://dixgamer.com/shop/juegos/ps5/accion-ps5/dying-light-ps5-retro/,8
DixGamer,Spyro Reignited Trilogy PS5 Retro,Aventura,7.20,135 MXN,MXN,https://dixgamer.com/shop/juegos/ps5/aventura-ps5/spyro-reignited-trilogy-ps5-retro/,8
DixGamer,F1 2020 Seventy Edition PS5 Retro,Conducción,30.50,572 MXN,MXN,https://dixgamer.com/shop/juegos/ps5/conduccion-ps5/f1-2020-seventy-edition-ps5-retro/,8
DixGamer,Destiny 2 PS5 Retro,Acción,31.40,589 MXN,MXN,https://dixgamer.com/shop/juegos/ps5/accion-ps5/destiny-2-ps5-retro/,9
DixGamer,Dishonored Death of the Outsider PS5 Retro,Acción,25.40,477 MXN,MXN,https://dixgamer.com/shop/juegos/ps5/accion-ps5/dishonored-death-of-the-outsider-ps5-retro/,9
DixGamer,Dishonored 2 PS5 Retro,Acción,7.00,131 MXN,MXN,https://dixgamer.com/shop/juegos/ps5/accion-ps5/dishonored-2-ps5-retro/,9
DixGamer,Dirt 5 PS5,Conducción,24.80,465 MXN,MXN,https://dixgamer.com/shop/juegos/ps5/conduccion-ps5/dirt-5-ps5/,9
DixGamer,DiRT Rally 2 PS5 Retro,Conducción,9.90,186 MXN,MXN,https://dixgamer.com/shop/juegos/ps5/conduccion-ps5/dirt-rally-2-ps5-retro/,9
DixGamer,DiRT 4 PS5 Retro,Conducción,7.00,131 MXN,MXN,https://dixgamer.com/shop/juegos/ps5/conduccion-ps5/dirt-4-ps5-retro/,9
DixGamer,DiRT Rally PS5 Retro,Conducción,7.60,143 MXN,MXN,https://dixgamer.com/shop/juegos/ps5/conduccion-ps5/dirt-rally-ps5-retro/,9
DixGamer,Control PS5 Retro,Acción,8.60,161 MXN,MXN,https://dixgamer.com/shop/juegos/ps5/accion-ps5/control-ps5-retro/,9
DixGamer,Assassins Creed Odyssey PS5 Retro,Acción,7.30,137 MXN,MXN,https://dixgamer.com/shop/juegos/ps5/accion-ps5/assassins-creed-odyssey-ps5/,9
DixGamer,A Way Out PS5 Retro,Acción,8.70,163 MXN,MXN,https://dixgamer.com/shop/juegos/ps5/accion-ps5/a-way-out-ps5-retro/,9
DixGamer,Ride 3 PS5 Retro,Conducción,25.40,477 MXN,MXN,https://dixgamer.com/shop/juegos/ps5/conduccion-ps5/ride-3-ps5-retro/,9
DixGamer,Alien Isolation PS5 Retro,Acción,10.50,197 MXN,MXN,https://dixgamer.com/shop/juegos/ps5/accion-ps5/alien-isolation-ps5-retro/,9
DixGamer,Beyond Two Souls PS5 Retro,Aventura,10.50,197 MXN,MXN,https://dixgamer.com/shop/juegos/ps5/aventura-ps5/beyond-two-souls-ps5-retro/,9
DixGamer,Bloodborne PS5 Retro,Acción,8.90,167 MXN,MXN,https://dixgamer.com/shop/juegos/ps5/accion-ps5/bloodborne-ps5-retro/,9
DixGamer,The Last Guardian PS5 Retro,Aventura,17.30,325 MXN,MXN,https://dixgamer.com/shop/juegos/ps5/aventura-ps5/the-last-guardian-ps5-retro/,9
DixGamer,The King of Fighters 2000 PS5 Retro,Acción,7.00,131 MXN,MXN,https://dixgamer.com/shop/juegos/ps5/accion-ps5/the-king-of-fighters-2000-ps5-retro/,9
DixGamer,The Evil Within PS5 Retro,Acción,7.60,143 MXN,MXN,https://dixgamer.com/shop/juegos/ps5/accion-ps5/the-evil-within-ps5-retro/,9
DixGamer,The Evil Within 2 PS5 Retro,Acción,10.30,193 MXN,MXN,https://dixgamer.com/shop/juegos/ps5/accion-ps5/the-evil-within-2-ps5-retro/,9
DixGamer,The Elder Scrolls V Skyrim Special Edition PS5,Aventura,7.00,131 MXN,MXN,https://dixgamer.com/shop/juegos/ps5/aventura-ps5/the-elder-scrolls-v-skyrim-special-edition-ps5/,9
DixGamer,The Crew 2 PS5 Retro,Conducción,7.70,144 MXN,MXN,https://dixgamer.com/shop/juegos/ps5/conduccion-ps5/the-crew-2-ps5-retro/,9
DixGamer,PayDay 2 Crimewave Edition PS5 Retro,Acción,7.30,137 MXN,MXN,https://dixgamer.com/shop/juegos/ps5/accion-ps5/payday-2-crimewave-edition-ps5-retro/,9
DixGamer,The Forest PS5 Retro,Acción,7.50,141 MXN,MXN,https://dixgamer.com/shop/juegos/ps5/accion-ps5/the-forest-ps5-retro/,9
DixGamer,STAR WARS Battlefront 2 PS5 Retro,Acción,7.10,133 MXN,MXN,https://dixgamer.com/shop/juegos/ps5/accion-ps5/star-wars-battlefront-2-ps5-retro-1/,9
DixGamer,TEKKEN 7 PS5 Retro,Acción,7.50,141 MXN,MXN,https://dixgamer.com/shop/juegos/ps5/accion-ps5/tekken-7-ps5-retro/,9
DixGamer,Strider PS5 Retro,Acción,13.20,248 MXN,MXN,https://dixgamer.com/shop/juegos/ps5/accion-ps5/strider-ps5-retro/,9
DixGamer,Street Fighter 30th Anniversary PS5 Retro,Acción,14.00,263 MXN,MXN,https://dixgamer.com/shop/juegos/ps5/accion-ps5/street-fighter-30th-anniversary-ps5-retro/,9
DixGamer,Street Fighter V PS5 Retro,Acción,7.30,137 MXN,MXN,https://dixgamer.com/shop/juegos/ps5/accion-ps5/street-fighter-v-ps5-retro/,9
DixGamer,STAR WARS Battlefront PS5 Retro,Acción,8.70,163 MXN,MXN,https://dixgamer.com/shop/juegos/ps5/accion-ps5/star-wars-battlefront-ps5-retro/,9
DixGamer,South Park Retaguardia en Peligro PS5 Retro,Aventura,7.10,133 MXN,MXN,https://dixgamer.com/shop/juegos/ps5/aventura-ps5/south-park-retaguardia-en-peligro-ps5-retro/,9
DixGamer,Sonic Forces PS5 Retro,Aventura,7.10,133 MXN,MXN,https://dixgamer.com/shop/juegos/ps5/aventura-ps5/sonic-forces-ps5-retro/,9
DixGamer,Sonic Mania PS5 Retro,Aventura,8.30,156 MXN,MXN,https://dixgamer.com/shop/juegos/ps5/aventura-ps5/sonic-mania-ps5-retro/,9
DixGamer,Sniper Elite 4 PS5 Retro,Acción,10.60,199 MXN,MXN,https://dixgamer.com/shop/juegos/ps5/accion-ps5/sniper-elite-4-ps5-retro/,9
DixGamer,Dark Souls 3 PS5 Retro,Acción,46.60,874 MXN,MXN,https://dixgamer.com/shop/juegos/ps5/accion-ps5/dark-souls-3-ps5/,9
DixGamer,Injustice 2 PS5 Retro,Acción,7.10,133 MXN,MXN,https://dixgamer.com/shop/juegos/ps5/accion-ps5/injustice-2-ps5/,9
DixGamer,Injustice Gods Among Us Ultimate Edition PS5 Retro,Acción,7.10,133 MXN,MXN,https://dixgamer.com/shop/juegos/ps5/accion-ps5/injustice-gods-among-us-ultimate-edition-ps5/,9
DixGamer,LEGO NINJAGO Movie Video PS5 Retro,Infantiles,39.00,732 MXN,MXN,https://dixgamer.com/shop/juegos/ps5/infantiles-ps5/lego-ninjago-movie-video-ps5/,9
DixGamer,Captain Tsubasa Rise of New Champions PS5 Retro,Deportes,7.10,133 MXN,MXN,https://dixgamer.com/shop/juegos/ps5/deportes-ps5/captain-tsubasa-rise-of-new-champions-ps5-retro/,10
DixGamer,Resident Evil 4 PS5 Retro,Acción,7.10,133 MXN,MXN,https://dixgamer.com/shop/juegos/ps5/accion-ps5/resident-evil-4-ps5-retro/,10
DixGamer,Combo Battlefield 4 y Hardline PS5 Retro,Acción,7.30,137 MXN,MXN,https://dixgamer.com/shop/juegos/ps5/accion-ps5/combo-battlefield-4-y-hardline-ps5-retro/,10
DixGamer,Jump Force PS5 Retro,Acción,23.40,439 MXN,MXN,https://dixgamer.com/shop/juegos/ps5/accion-ps5/jump-force-ps5-retro/,10
DixGamer,Rage 2 PS5 Retro,Acción,31.40,589 MXN,MXN,https://dixgamer.com/shop/juegos/ps5/accion-ps5/rage-2-ps5-retro/,10
DixGamer,Saint Seiya Soldiers Soul PS5 Retro,Acción,69.00,1.295 MXN,MXN,https://dixgamer.com/shop/juegos/ps5/accion-ps5/saint-seiya-soldiers-soul-ps5-retro/,10
DixGamer,Rise of the Tomb Raider PS5 Retro,Acción,25.40,477 MXN,MXN,https://dixgamer.com/shop/juegos/ps5/accion-ps5/rise-of-the-tomb-raider-ps5-retro/,10
DixGamer,Ride 2 PS5 Retro,Conducción,21.40,402 MXN,MXN,https://dixgamer.com/shop/juegos/ps5/conduccion-ps5/ride-2-ps5-retro/,10
DixGamer,Rayman Legends PS5 Retro,Aventura,8.40,158 MXN,MXN,https://dixgamer.com/shop/juegos/ps5/aventura-ps5/rayman-legends-ps5-retro/,10
DixGamer,Metal Slug XX PS5 Retro,Acción,7.10,133 MXN,MXN,https://dixgamer.com/shop/juegos/ps5/accion-ps5/metal-slug-xx-ps5-retro/,10
DixGamer,LEGO Jurassic World PS5 Retro,Infantiles,7.20,135 MXN,MXN,https://dixgamer.com/shop/juegos/ps5/infantiles-ps5/lego-jurassic-world-ps5-retro/,10
DixGamer,LEGO The Incredibles PS5 Retro,Infantiles,7.00,131 MXN,MXN,https://dixgamer.com/shop/juegos/ps5/infantiles-ps5/lego-the-incredibles-ps5-retro/,10
DixGamer,The LEGO Movie 2 Videogame PS5 Retro,Infantiles,11.60,218 MXN,MXN,https://dixgamer.com/shop/juegos/ps5/infantiles-ps5/the-lego-movie-2-videogame-ps5-retro/,10
DixGamer,LEGO DC Super Villains PS5 Retro,Infantiles,11.40,214 MXN,MXN,https://dixgamer.com/shop/juegos/ps5/infantiles-ps5/lego-dc-super-villains-ps5-retro/,10
DixGamer,Assassins Creed 4 Black Flag PS5 Retro,Acción,8.20,154 MXN,MXN,https://dixgamer.com/shop/juegos/ps5/accion-ps5/assassins-creed-4-black-flag-ps5-retro/,10
DixGamer,Assassins Creed Syndicate PS5 Retro,Acción,7.10,133 MXN,MXN,https://dixgamer.com/shop/juegos/ps5/accion-ps5/assassins-creed-syndicate-ps5-retro/,10
DixGamer,Assassins Creed Unity PS5 Retro,Acción,7.30,137 MXN,MXN,https://dixgamer.com/shop/juegos/ps5/accion-ps5/assassins-creed-unity-ps5-retro/,10
DixGamer,Assassins Creed The Ezio Collection PS5 Retro,Acción,7.70,144 MXN,MXN,https://dixgamer.com/shop/juegos/ps5/accion-ps5/assassins-creed-the-ezio-collection-ps5-retro/,10
DixGamer,Assassins Creed Origins PS5 Retro,Acción,7.20,135 MXN,MXN,https://dixgamer.com/shop/juegos/ps5/accion-ps5/assassins-creed-origins-ps5-retro/,10
DixGamer,Resident Evil 3 PS5,Acción,8.00,150 MXN,MXN,https://dixgamer.com/shop/juegos/ps5/accion-ps5/resident-evil-3-ps5/,10
DixGamer,Horizon Zero Dawn PS5 Retro,Acción,31.40,589 MXN,MXN,https://dixgamer.com/shop/juegos/ps5/accion-ps5/horizon-zero-dawn-ps5-retro/,10
DixGamer,For Honor PS5 Retro,Acción,7.20,135 MXN,MXN,https://dixgamer.com/shop/juegos/ps5/accion-ps5/for-honor-ps5-retro/,10
DixGamer,NARUTO SHIPPUDEN Ultimate Ninja STORM 4 PS5 Retro,Acción,8.90,167 MXN,MXN,https://dixgamer.com/shop/juegos/ps5/accion-ps5/naruto-shippuden-ultimate-ninja-storm-4-ps5-retro/,10
DixGamer,Resident Evil 6 PS5 Retro,Acción,9.90,186 MXN,MXN,https://dixgamer.com/shop/juegos/ps5/accion-ps5/resident-evil-6-ps5-retro/,10
DixGamer,Resident Evil 5 PS5 Retro,Acción,9.80,184 MXN,MXN,https://dixgamer.com/shop/juegos/ps5/accion-ps5/resident-evil-5-ps5-retro/,10
DixGamer,Resident Evil 0 HD PS5 Retro,Acción,7.30,137 MXN,MXN,https://dixgamer.com/shop/juegos/ps5/accion-ps5/resident-evil-0-hd-ps5-retro/,10
DixGamer,Resident Evil HD PS5 Retro,Acción,8.10,152 MXN,MXN,https://dixgamer.com/shop/juegos/ps5/accion-ps5/resident-evil-hd-ps5-retro/,10
DixGamer,Plants vs Zombies Battle for Neighborville PS5 Retro,Infantiles,9.20,173 MXN,MXN,https://dixgamer.com/shop/juegos/ps5/infantiles-ps5/plants-vs-zombies-battle-for-neighborville-ps5-retro/,10
DixGamer,Plants vs Zombies Garden Warfare PS5 Retro,Infantiles,7.00,131 MXN,MXN,https://dixgamer.com/shop/juegos/ps5/infantiles-ps5/plants-vs-zombies-garden-warfare-ps5-retro/,10
DixGamer,PUBG PLAYERUNKNOWNS BATTLEGROUNDS PS5 Retro,Acción,7.00,131 MXN,MXN,https://dixgamer.com/shop/juegos/ps5/accion-ps5/pubg-playerunknowns-battlegrounds-ps5-retro/,10
DixGamer,Project Cars 2 PS5 Retro,Conducción,12.20,229 MXN,MXN,https://dixgamer.com/shop/juegos/ps5/conduccion-ps5/project-cars-2-ps5-retro/,10
DixGamer,NASCAR Heat 4 PS5 Retro,Conducción,55.00,1.032 MXN,MXN,https://dixgamer.com/shop/juegos/ps5/conduccion-ps5/nascar-heat-4-ps5-retro/,10
DixGamer,Need For Speed Rivals PS5 Retro,Conducción,7.10,133 MXN,MXN,https://dixgamer.com/shop/juegos/ps5/conduccion-ps5/need-for-speed-rivals-ps5-retro/,10
DixGamer,Call of Duty Black Ops Cold War PS5 Retro,Acción,8.10,152 MXN,MXN,https://dixgamer.com/shop/juegos/ps5/accion-ps5/call-of-duty-black-ops-cold-war-ps5-retrocompatible/,10
DixGamer,Need for Speed Payback PS5 Retro,Conducción,7.00,131 MXN,MXN,https://dixgamer.com/shop/juegos/ps5/conduccion-ps5/need-for-speed-payback-ps5/,10
DixGamer,Overwatch Game of the Year Edition PS5 Retro,Acción,46.60,874 MXN,MXN,https://dixgamer.com/shop/juegos/ps5/accion-ps5/overwatch-game-of-the-year-edition-ps5-retro/,10
DixGamer,MXGP 3 PS5 Retro,Conducción,17.30,325 MXN,MXN,https://dixgamer.com/shop/juegos/ps5/conduccion-ps5/mxgp-3-ps5-retro/,11
DixGamer,MXGP 2 PS5 Retro,Conducción,13.20,248 MXN,MXN,https://dixgamer.com/shop/juegos/ps5/conduccion-ps5/mxgp-2-ps5-retro/,11
DixGamer,Monster Hunter World PS5 Retro,Aventura,8.60,162 MXN,MXN,https://dixgamer.com/shop/juegos/ps5/aventura-ps5/monster-hunter-world-ps5-retro/,11
DixGamer,Middle Earth Shadow Of Mordor PS5 Retro,Acción,8.00,150 MXN,MXN,https://dixgamer.com/shop/juegos/ps5/accion-ps5/middle-earth-shadow-of-mordor-ps5-retro/,11
DixGamer,Madden NFL 18 PS5 Retro,Deportes,46.60,876 MXN,MXN,https://dixgamer.com/shop/juegos/ps5/deportes-ps5/madden-nfl-18-ps5-retro/,11
DixGamer,F1 2021 PS5,Conducción,46.60,876 MXN,MXN,https://dixgamer.com/shop/juegos/ps5/conduccion-ps5/f1-2021-ps5/,11
DixGamer,Minecraft PS5,Aventura,13.00,244 MXN,MXN,https://dixgamer.com/shop/juegos/ps5/aventura-ps5/minecraft-ps5/,11
DixGamer,Resident Evil 7 PS5,Acción,7.00,132 MXN,MXN,https://dixgamer.com/shop/juegos/ps5/accion-ps5/resident-evil-7-ps5/,11
DixGamer,WWE 2K20 PS5 Retro,Deportes,46.60,876 MXN,MXN,https://dixgamer.com/shop/juegos/ps5/deportes-ps5/wwe-2k20-ps5/,11
DixGamer,Gran Turismo Sport PS5 Retro,Conducción,17.30,325 MXN,MXN,https://dixgamer.com/shop/juegos/ps5/conduccion-ps5/gran-turismo-sport-ps5/,11
DixGamer,Far Cry New Dawn PS5 Retro,Acción,7.00,132 MXN,MXN,https://dixgamer.com/shop/juegos/ps5/accion-ps5/far-cry-new-dawn-ps5/,11
DixGamer,Tom Clancys The Division 2 PS5 Retro,Acción,7.10,133 MXN,MXN,https://dixgamer.com/shop/juegos/ps5/accion-ps5/tom-clancys-the-division-2-ps5/,11
DixGamer,Shadow of the Tomb Raider PS5 Retro,Acción,7.40,139 MXN,MXN,https://dixgamer.com/shop/juegos/ps5/accion-ps5/shadow-of-the-tomb-raider-ps5/,11
DixGamer,Gang Beasts PS5 Retro,Acción,8.40,158 MXN,MXN,https://dixgamer.com/shop/juegos/ps5/accion-ps5/gang-beasts-ps5-retro/,11
DixGamer,LEGO Batman 3 PS5 Retro,Infantiles,17.30,325 MXN,MXN,https://dixgamer.com/shop/juegos/ps5/infantiles-ps5/lego-batman-3-ps5-retro/,11
DixGamer,Tom Clancys RainbowSix Siege PS5 Retro,Acción,7.20,135 MXN,MXN,https://dixgamer.com/shop/juegos/ps5/accion-ps5/tom-clancys-rainbowsix-siege-ps5-retro/,11
DixGamer,Devil May Cry HD Collection PS5 Retro,Aventura,14.20,267 MXN,MXN,https://dixgamer.com/shop/juegos/ps5/aventura-ps5/devil-may-cry-hd-collection-ps5-retro/,11
DixGamer,Resident Evil Revelations PS5 Retro,Acción,8.00,150 MXN,MXN,https://dixgamer.com/shop/juegos/ps5/accion-ps5/resident-evil-revelations-ps5/,11
DixGamer,WRC 8 PS5 Retro,Conducción,17.30,325 MXN,MXN,https://dixgamer.com/shop/juegos/ps5/conduccion-ps5/wrc-8-ps5-retro/,11
DixGamer,WRC 7 PS5 Retro,Conducción,7.00,132 MXN,MXN,https://dixgamer.com/shop/juegos/ps5/conduccion-ps5/wrc-7-ps5-retro/,11
DixGamer,WRC 6 PS5 Retro,Conducción,7.00,132 MXN,MXN,https://dixgamer.com/shop/juegos/ps5/conduccion-ps5/wrc-6-ps5-retro/,11
DixGamer,WRC 5 PS5 Retro,Conducción,7.00,132 MXN,MXN,https://dixgamer.com/shop/juegos/ps5/conduccion-ps5/wrc-5-ps5-retro/,11
DixGamer,Project Cars PS5 Retro,Conducción,17.30,325 MXN,MXN,https://dixgamer.com/shop/juegos/ps5/conduccion-ps5/project-cars-ps5-retro/,11
DixGamer,Far Cry 5 PS5 Retro,Acción,7.40,139 MXN,MXN,https://dixgamer.com/shop/juegos/ps5/accion-ps5/far-cry-5-ps5-retrocompatible/,11
DixGamer,Far Cry 4 PS5 Retro,Acción,7.50,141 MXN,MXN,https://dixgamer.com/shop/juegos/ps5/accion-ps5/far-cry-4-ps5-retrocompatible/,11
DixGamer,Farming Simulator 19 PS5 Retro,Conducción,14.00,263 MXN,MXN,https://dixgamer.com/shop/juegos/ps5/conduccion-ps5/farming-simulator-19-ps5-retrocompatible/,11
DixGamer,Marvel Spider Man PS5 Retro,Acción,12.50,235 MXN,MXN,https://dixgamer.com/shop/juegos/ps5/accion-ps5/marvel-spider-man-ps5/,11
DixGamer,Call of Duty Advanced Warfare Gold Edition PS5 Retro,Acción,9.60,180 MXN,MXN,https://dixgamer.com/shop/juegos/ps5/accion-ps5/call-of-duty-advanced-warfare-gold-edition-ps5-retrocompatible/,11
DixGamer,Crash Bandicoot N Sane Trilogy PS5 Retro,Aventura,7.80,147 MXN,MXN,https://dixgamer.com/shop/juegos/ps5/aventura-ps5/crash-bandicoot-n-sane-trilogy-ps5/,11
DixGamer,Dragon Ball Xenoverse 2 PS5 Retro,Acción,9.30,175 MXN,MXN,https://dixgamer.com/shop/juegos/ps5/accion-ps5/dragon-ball-xenoverse-2-ps5/,11
DixGamer,Need For Speed PS5 Retro,Conducción,7.50,141 MXN,MXN,https://dixgamer.com/shop/juegos/ps5/conduccion-ps5/need-for-speed-ps5/,11
DixGamer,Plants Vs Zombies Garden Warfare 2 PS5 Retro,Aventura,7.10,133 MXN,MXN,https://dixgamer.com/shop/juegos/ps5/aventura-ps5/plants-vs-zombies-garden-warfare-2-ps5-retro/,11
DixGamer,Battlefield 1 PS5 Retro,Acción,7.30,137 MXN,MXN,https://dixgamer.com/shop/juegos/ps5/accion-ps5/battlefield-1-ps5/,11
DixGamer,The Sims 4 PS5 Retro,Estrategia,17.30,325 MXN,MXN,https://dixgamer.com/shop/juegos/ps5/estrategia-ps5/the-sims-4-ps5/,11
DixGamer,UFC 3 PS5 Retro,Deportes,9.10,171 MXN,MXN,https://dixgamer.com/shop/juegos/ps5/deportes-ps5/ufc-3-ps5/,11
DixGamer,Little Nightmares 2 PS5,Aventura,7.20,135 MXN,MXN,https://dixgamer.com/shop/juegos/ps5/aventura-ps5/little-nightmares-2-ps5/,11
DixGamer,Cuphead PS5 Retro,Aventura,9.60,180 MXN,MXN,https://dixgamer.com/shop/juegos/ps5/aventura-ps5/cuphead-ps5/,12
DixGamer,Days Gone PS5 Retro,Aventura,20.00,376 MXN,MXN,https://dixgamer.com/shop/juegos/ps5/aventura-ps5/days-gone-ps5/,12
DixGamer,Dead by Daylight PS5,Aventura,11.80,222 MXN,MXN,https://dixgamer.com/shop/juegos/ps5/aventura-ps5/dead-by-daylight-ps5/,12
DixGamer,NBA 2K20 PS5 Retro,Deportes,46.60,876 MXN,MXN,https://dixgamer.com/shop/juegos/ps5/deportes-ps5/nba-2k20-ps5-retro/,12
DixGamer,NBA 2K19 PS5 Retro,Deportes,46.60,876 MXN,MXN,https://dixgamer.com/shop/juegos/ps5/deportes-ps5/nba-2k19-ps5-retro/,12
DixGamer,NBA 2K18 PS5 Retro,Deportes,25.40,477 MXN,MXN,https://dixgamer.com/shop/juegos/ps5/deportes-ps5/nba-2k18-ps5-retro/,12
DixGamer,NBA 2K17 PS5 Retro,Deportes,25.40,477 MXN,MXN,https://dixgamer.com/shop/juegos/ps5/deportes-ps5/nba-2k17-ps5-retro/,12
DixGamer,Fifa 20 PS5 Retro,Deportes,17.30,325 MXN,MXN,https://dixgamer.com/shop/juegos/ps5/deportes-ps5/fifa-20-ps5-retro/,12
DixGamer,Fifa 19 PS5 Retro,Deportes,17.30,325 MXN,MXN,https://dixgamer.com/shop/juegos/ps5/deportes-ps5/fifa-19-ps5-retro/,12
DixGamer,Fifa 18 PS5 Retro,Deportes,72.00,1.353 MXN,MXN,https://dixgamer.com/shop/juegos/ps5/deportes-ps5/fifa-18-ps5-retro/,12
DixGamer,Fifa 17 PS5 Retro,Deportes,54.10,1.017 MXN,MXN,https://dixgamer.com/shop/juegos/ps5/deportes-ps5/fifa-17-ps5-retro/,12
DixGamer,NBA 2K21 PS5 Retro,Deportes,46.60,876 MXN,MXN,https://dixgamer.com/shop/juegos/ps5/deportes-ps5/nba-2k21-ps5/,12
DixGamer,Far Cry Primal PS5 Retro,Acción,7.10,133 MXN,MXN,https://dixgamer.com/shop/juegos/ps5/accion-ps5/far-cry-primal-ps5-retrocompatible/,12
DixGamer,Tennis World Tour 2 PS5 Retro,Deportes,8.60,162 MXN,MXN,https://dixgamer.com/shop/juegos/ps5/deportes-ps5/tennis-world-tour-2-ps5-retrocompatible/,12
DixGamer,Tennis World Tour PS5 Retro,Deportes,7.00,132 MXN,MXN,https://dixgamer.com/shop/juegos/ps5/deportes-ps5/tennis-world-tour-ps5-retrocompatible/,12
DixGamer,Call of Duty Infinite Warfare PS5 Retro,Acción,9.20,173 MXN,MXN,https://dixgamer.com/shop/juegos/ps5/accion-ps5/call-of-duty-infinite-warfare-ps5-retrocompatible/,12
DixGamer,HITMAN The Complete First Season PS5 Retro,Acción,54.10,1.017 MXN,MXN,https://dixgamer.com/shop/juegos/ps5/accion-ps5/hitman-the-complete-first-season-ps5-retrocompatible/,12
DixGamer,Doom PS5 Retro,Acción,17.30,325 MXN,MXN,https://dixgamer.com/shop/juegos/ps5/accion-ps5/doom-ps5-retrocompatible/,12
DixGamer,Marvels Avengers PS5,Acción,64.90,1.219 MXN,MXN,https://dixgamer.com/shop/juegos/ps5/accion-ps5/marvels-avengers-ps5/,12
DixGamer,Outriders PS5,Acción,17.30,325 MXN,MXN,https://dixgamer.com/shop/juegos/ps5/accion-ps5/outriders-ps5/,12
DixGamer,Batman Arkham Knight PS5 Retro,Acción,7.50,141 MXN,MXN,https://dixgamer.com/shop/juegos/ps5/accion-ps5/batman-arkham-knight-ps5/,12
DixGamer,Need for Speed Heat PS5 Retro,Conducción,7.40,139 MXN,MXN,https://dixgamer.com/shop/juegos/ps5/conduccion-ps5/need-for-speed-heat-ps5/,12
DixGamer,Mortal Kombat X PS5 Retro,Acción,7.10,133 MXN,MXN,https://dixgamer.com/shop/juegos/ps5/accion-ps5/mortal-kombat-x-ps5/,12
DixGamer,Mortal Kombat XL PS5 Retro,Acción,7.40,139 MXN,MXN,https://dixgamer.com/shop/juegos/ps5/accion-ps5/mortal-kombat-xl-ps5/,12
DixGamer,Slime Rancher PS5 Retro,Aventura,7.10,133 MXN,MXN,https://dixgamer.com/shop/juegos/ps5/aventura-ps5/slime-rancher-ps5/,12
DixGamer,Outlast 2 PS5 Retro,Acción,8.00,150 MXN,MXN,https://dixgamer.com/shop/juegos/ps5/accion-ps5/outlast-2-ps5/,12
DixGamer,Battlefield 5 PS5 Retro,Acción,7.10,133 MXN,MXN,https://dixgamer.com/shop/juegos/ps5/accion-ps5/battlefield-5-ps5/,12
DixGamer,Devil May Cry 5 PS5 Retro,Aventura,10.00,188 MXN,MXN,https://dixgamer.com/shop/juegos/ps5/aventura-ps5/devil-may-cry-5-ps5/,12
DixGamer,The Last of Us Part II PS5 Retro,Acción,17.00,319 MXN,MXN,https://dixgamer.com/shop/juegos/ps5/accion-ps5/the-last-of-us-part-ii-ps5/,12
DixGamer,Dying Light The Following Edicion Mejorada PS5 Retro,Acción,7.10,133 MXN,MXN,https://dixgamer.com/shop/juegos/ps5/accion-ps5/dying-light-the-following-edicion-mejorada-ps5/,12
DixGamer,eFootball PES 2021 PS5 Retro,Deportes,57.00,1.071 MXN,MXN,https://dixgamer.com/shop/juegos/ps5/deportes-ps5/efootball-pes-2021-ps5/,12
DixGamer,Nioh 2 PS5,Acción,15.10,284 MXN,MXN,https://dixgamer.com/shop/juegos/ps5/accion-ps5/nioh-2-ps5/,12
DixGamer,UFC 4 PS5 Retro,Deportes,13.10,246 MXN,MXN,https://dixgamer.com/shop/juegos/ps5/deportes-ps5/ufc-4-ps5/,12
DixGamer,Watch Dogs Legion PS5,Acción,7.10,133 MXN,MXN,https://dixgamer.com/shop/juegos/ps5/accion-ps5/watch-dogs-legion-ps5/,12
DixGamer,Wrc 9 PS5,Conducción,13.80,259 MXN,MXN,https://dixgamer.com/shop/juegos/ps5/conduccion-ps5/wrc-9-ps5/,12
