fecha_utc,tienda,tipo,pagina,url,metodo,http_status,bytes,titulo,productos,motivo,archivo_html
2026-09-26T11:42:17.420699+00:00,Alpha PS4 Secundaria,shopify,1,https://alphajuegosdigitales.com/collections/juegos-ps4,playwright,404,140007,"404 No encontrado
 – Alphagames",,HTTP 404,cuarentena_raw/alpha_ps4_secundaria/p1_playwright_http404.html
2026-09-26T11:42:17.420731+00:00,Alpha PS4 Secundaria,RESUMEN,,,,,,,0,SIN PRODUCTOS / REQUIERE PARSER,
2026-09-26T11:42:17.488371+00:00,DigitalWorld PS4,woocommerce,1,https://digitalworldpsn.com/es/juegos-digitales-ps4/?v=1b23f8a4c97c,requests,403,5670,Just a moment...,,HTTP 403,cuarentena_raw/digitalworld_ps4/p1_http403.html
2026-09-26T11:42:22.554556+00:00,DigitalWorld PS4,playwright,1,https://digitalworldpsn.com/es/juegos-digitales-ps4/?v=1b23f8a4c97c,playwright,200,401082,Juegos PS4 | Digital World PSN,,,cuarentena_raw/digitalworld_ps4/p1_playwright_http200.html
2026-09-26T11:42:26.710952+00:00,DigitalWorld PS4,playwright,2,https://digitalworldpsn.com/es/juegos-digitales-ps4/?v=1b23f8a4c97c/page/2/,playwright,403,28676,Un momento…,,HTTP 403,cuarentena_raw/digitalworld_ps4/p2_playwright_http403.html
2026-09-26T11:42:26.948396+00:00,DigitalWorld PS4,RESUMEN,,,,,,,13,RECUPERADA,
2026-09-26T11:42:26.980836+00:00,DigitalWorld PS5,woocommerce,1,https://digitalworldpsn.com/es/juegos-digitales-ps5/?v=1b23f8a4c97c,requests,403,5670,Just a moment...,,HTTP 403,cuarentena_raw/digitalworld_ps5/p1_http403.html
2026-09-26T11:42:31.020103+00:00,DigitalWorld PS5,playwright,1,https://digitalworldpsn.com/es/juegos-digitales-ps5/?v=1b23f8a4c97c,playwright,403,28652,Un momento…,,HTTP 403,cuarentena_raw/digitalworld_ps5/p1_playwright_http403.html
2026-09-26T11:42:31.020126+00:00,DigitalWorld PS5,RESUMEN,,,,,,,0,SIN PRODUCTOS / REQUIERE PARSER,
2026-09-26T11:42:31.058258+00:00,DigitalWorld Switch,woocommerce,1,https://digitalworldpsn.com/es/juegos-digitales-switch/?v=1b23f8a4c97c,requests,403,5700,Just a moment...,,HTTP 403,cuarentena_raw/digitalworld_switch/p1_http403.html
2026-09-26T11:42:35.103578+00:00,DigitalWorld Switch,playwright,1,https://digitalworldpsn.com/es/juegos-digitales-switch/?v=1b23f8a4c97c,playwright,403,28661,Un momento…,,HTTP 403,cuarentena_raw/digitalworld_switch/p1_playwright_http403.html
2026-09-26T11:42:35.103600+00:00,DigitalWorld Switch,RESUMEN,,,,,,,0,SIN PRODUCTOS / REQUIERE PARSER,
2026-09-26T11:42:35.142205+00:00,DigitalWorld VR,woocommerce,1,https://digitalworldpsn.com/es/juegos-ps-vr-vr2/?v=1b23f8a4c97c,requests,403,5637,Just a moment...,,HTTP 403,cuarentena_raw/digitalworld_vr/p1_http403.html
2026-09-26T11:42:39.182000+00:00,DigitalWorld VR,playwright,1,https://digitalworldpsn.com/es/juegos-ps-vr-vr2/?v=1b23f8a4c97c,playwright,403,28618,Un momento…,,HTTP 403,cuarentena_raw/digitalworld_vr/p1_playwright_http403.html
2026-09-26T11:42:39.182023+00:00,DigitalWorld VR,RESUMEN,,,,,,,0,SIN PRODUCTOS / REQUIERE PARSER,
2026-09-26T11:42:39.215243+00:00,DigitalWorld Xbox,woocommerce,1,https://digitalworldpsn.com/es/juegos-digitales-xbox/?v=1b23f8a4c97c,requests,403,5694,Just a moment...,,HTTP 403,cuarentena_raw/digitalworld_xbox/p1_http403.html
2026-09-26T11:42:43.251602+00:00,DigitalWorld Xbox,playwright,1,https://digitalworldpsn.com/es/juegos-digitales-xbox/?v=1b23f8a4c97c,playwright,403,28677,Un momento…,,HTTP 403,cuarentena_raw/digitalworld_xbox/p1_playwright_http403.html
2026-09-26T11:42:43.251627+00:00,DigitalWorld Xbox,RESUMEN,,,,,,,0,SIN PRODUCTOS / REQUIERE PARSER,
2026-09-26T11:42:43.315038+00:00,Dix FC Points,woocommerce,1,https://dixgamer.com/categoria-producto/tarjetas/fc-points/,requests,403,4546,Attention Required! | Cloudflare,,HTTP 403,cuarentena_raw/dix_fc_points/p1_http403.html
2026-09-26T11:42:47.411999+00:00,Dix FC Points,playwright,1,https://dixgamer.com/categoria-producto/tarjetas/fc-points/,playwright,403,4677,Attention Required! | Cloudflare,,HTTP 403,cuarentena_raw/dix_fc_points/p1_playwright_http403.html
2026-09-26T11:42:47.412024+00:00,Dix FC Points,RESUMEN,,,,,,,0,SIN PRODUCTOS / REQUIERE PARSER,
2026-09-26T11:42:47.461765+00:00,Dix Fortnite,woocommerce,1,https://dixgamer.com/categoria-producto/tarjetas/fortnite/,requests,403,4546,Attention Required! | Cloudflare,,HTTP 403,cuarentena_raw/dix_fortnite/p1_http403.html
2026-09-26T11:42:51.499256+00:00,Dix Fortnite,playwright,1,https://dixgamer.com/categoria-producto/tarjetas/fortnite/,playwright,403,4677,Attention Required! | Cloudflare,,HTTP 403,cuarentena_raw/dix_fortnite/p1_playwright_http403.html
2026-09-26T11:42:51.499282+00:00,Dix Fortnite,RESUMEN,,,,,,,0,SIN PRODUCTOS / REQUIERE PARSER,
2026-09-26T11:42:51.549745+00:00,Dix Nintendo,woocommerce,1,https://dixgamer.com/categoria-producto/tarjetas/nintendo/,requests,403,4546,Attention Required! | Cloudflare,,HTTP 403,cuarentena_raw/dix_nintendo/p1_http403.html
2026-09-26T11:42:55.587930+00:00,Dix Nintendo,playwright,1,https://dixgamer.com/categoria-producto/tarjetas/nintendo/,playwright,403,4677,Attention Required! | Cloudflare,,HTTP 403,cuarentena_raw/dix_nintendo/p1_playwright_http403.html
2026-09-26T11:42:55.587958+00:00,Dix Nintendo,RESUMEN,,,,,,,0,SIN PRODUCTOS / REQUIERE PARSER,
2026-09-26T11:42:55.630547+00:00,Dix PS3,woocommerce,1,https://dixgamer.com/categoria-producto/juegos/ps3/,requests,403,4546,Attention Required! | Cloudflare,,HTTP 403,cuarentena_raw/dix_ps3/p1_http403.html
2026-09-26T11:42:59.671848+00:00,Dix PS3,playwright,1,https://dixgamer.com/categoria-producto/juegos/ps3/,playwright,403,4677,Attention Required! | Cloudflare,,HTTP 403,cuarentena_raw/dix_ps3/p1_playwright_http403.html
2026-09-26T11:42:59.671877+00:00,Dix PS3,RESUMEN,,,,,,,0,SIN PRODUCTOS / REQUIERE PARSER,
2026-09-26T11:42:59.708655+00:00,Dix PS4,woocommerce,1,https://dixgamer.com/categoria-producto/juegos/ps4/,requests,403,4546,Attention Required! | Cloudflare,,HTTP 403,cuarentena_raw/dix_ps4/p1_http403.html
2026-09-26T11:43:03.746760+00:00,Dix PS4,playwright,1,https://dixgamer.com/categoria-producto/juegos/ps4/,playwright,403,4677,Attention Required! | Cloudflare,,HTTP 403,cuarentena_raw/dix_ps4/p1_playwright_http403.html
2026-09-26T11:43:03.746790+00:00,Dix PS4,RESUMEN,,,,,,,0,SIN PRODUCTOS / REQUIERE PARSER,
2026-09-26T11:43:03.784843+00:00,Dix PS5,woocommerce,1,https://dixgamer.com/categoria-producto/juegos/ps5/,requests,403,4546,Attention Required! | Cloudflare,,HTTP 403,cuarentena_raw/dix_ps5/p1_http403.html
2026-09-26T11:43:07.826903+00:00,Dix PS5,playwright,1,https://dixgamer.com/categoria-producto/juegos/ps5/,playwright,403,4677,Attention Required! | Cloudflare,,HTTP 403,cuarentena_raw/dix_ps5/p1_playwright_http403.html
2026-09-26T11:43:07.826934+00:00,Dix PS5,RESUMEN,,,,,,,0,SIN PRODUCTOS / REQUIERE PARSER,
2026-09-26T11:43:07.865289+00:00,Dix Playstation,woocommerce,1,https://dixgamer.com/categoria-producto/tarjetas/ps/,requests,403,4546,Attention Required! | Cloudflare,,HTTP 403,cuarentena_raw/dix_playstation/p1_http403.html
2026-09-26T11:43:11.903262+00:00,Dix Playstation,playwright,1,https://dixgamer.com/categoria-producto/tarjetas/ps/,playwright,403,4677,Attention Required! | Cloudflare,,HTTP 403,cuarentena_raw/dix_playstation/p1_playwright_http403.html
2026-09-26T11:43:11.903290+00:00,Dix Playstation,RESUMEN,,,,,,,0,SIN PRODUCTOS / REQUIERE PARSER,
2026-09-26T11:43:11.941742+00:00,Dix Razer,woocommerce,1,https://dixgamer.com/categoria-producto/tarjetas/razer-gold/,requests,403,4546,Attention Required! | Cloudflare,,HTTP 403,cuarentena_raw/dix_razer/p1_http403.html
2026-09-26T11:43:15.977942+00:00,Dix Razer,playwright,1,https://dixgamer.com/categoria-producto/tarjetas/razer-gold/,playwright,403,4677,Attention Required! | Cloudflare,,HTTP 403,cuarentena_raw/dix_razer/p1_playwright_http403.html
2026-09-26T11:43:15.977973+00:00,Dix Razer,RESUMEN,,,,,,,0,SIN PRODUCTOS / REQUIERE PARSER,
2026-09-26T11:43:16.021566+00:00,Dix Steam,woocommerce,1,https://dixgamer.com/categoria-producto/tarjetas/steam/,requests,403,4546,Attention Required! | Cloudflare,,HTTP 403,cuarentena_raw/dix_steam/p1_http403.html
2026-09-26T11:43:20.060933+00:00,Dix Steam,playwright,1,https://dixgamer.com/categoria-producto/tarjetas/steam/,playwright,403,4677,Attention Required! | Cloudflare,,HTTP 403,cuarentena_raw/dix_steam/p1_playwright_http403.html
2026-09-26T11:43:20.060968+00:00,Dix Steam,RESUMEN,,,,,,,0,SIN PRODUCTOS / REQUIERE PARSER,
2026-09-26T11:43:20.098496+00:00,Dix Xbox,woocommerce,1,https://dixgamer.com/categoria-producto/tarjetas/xbox/,requests,403,4546,Attention Required! | Cloudflare,,HTTP 403,cuarentena_raw/dix_xbox/p1_http403.html
2026-09-26T11:43:24.137471+00:00,Dix Xbox,playwright,1,https://dixgamer.com/categoria-producto/tarjetas/xbox/,playwright,403,4677,Attention Required! | Cloudflare,,HTTP 403,cuarentena_raw/dix_xbox/p1_playwright_http403.html
2026-09-26T11:43:24.137503+00:00,Dix Xbox,RESUMEN,,,,,,,0,SIN PRODUCTOS / REQUIERE PARSER,
2026-09-26T11:43:28.614223+00:00,JDP4P5 Nintendo Online,jdp4p5,1,https://juegosdigitalesps4ps5.com/suscripcion-nintendo-online/,playwright,404,493563,,,HTTP 404,cuarentena_raw/jdp4p5_nintendo_online/p1_playwright_http404.html
2026-09-26T11:43:28.614261+00:00,JDP4P5 Nintendo Online,RESUMEN,,,,,,,0,SIN PRODUCTOS / REQUIERE PARSER,
2026-09-26T11:43:33.004456+00:00,JDP4P5 Switch,jdp4p5,1,https://juegosdigitalesps4ps5.com/juegos-nintendo/,playwright,404,493495,,,HTTP 404,cuarentena_raw/jdp4p5_switch/p1_playwright_http404.html
2026-09-26T11:43:33.004498+00:00,JDP4P5 Switch,RESUMEN,,,,,,,0,SIN PRODUCTOS / REQUIERE PARSER,
2026-09-26T11:43:33.922012+00:00,MDQ PSN Card,woocommerce,1,https://mdqstore.com/categoria-producto/psn-card/,requests,200,149910,PSN CARD – Mdqstore,,,cuarentena_raw/mdq_psn_card/p1_http200.html
2026-09-26T11:43:34.549254+00:00,MDQ PSN Card,woocommerce,2,https://mdqstore.com/categoria-producto/psn-card/page/2/,requests,404,138778,No se encontró la página – Mdqstore,,HTTP 404,cuarentena_raw/mdq_psn_card/p2_http404.html
2026-09-26T11:43:39.469525+00:00,MDQ PSN Card,playwright,1,https://mdqstore.com/categoria-producto/psn-card/,playwright,200,153562,PSN CARD – Mdqstore,,,cuarentena_raw/mdq_psn_card/p1_playwright_http200.html
2026-09-26T11:43:43.979864+00:00,MDQ PSN Card,playwright,2,https://mdqstore.com/categoria-producto/psn-card/page/2/,playwright,404,141913,No se encontró la página – Mdqstore,,HTTP 404,cuarentena_raw/mdq_psn_card/p2_playwright_http404.html
2026-09-26T11:43:44.058690+00:00,MDQ PSN Card,RESUMEN,,,,,,,0,SIN PRODUCTOS / REQUIERE PARSER,
2026-09-26T11:43:48.345743+00:00,PortalGames PS3,playwright,1,https://portalgames.com.ar/product-category/juegos-ps3/,playwright,403,28685,Un momento…,,HTTP 403,cuarentena_raw/portalgames_ps3/p1_playwright_http403.html
2026-09-26T11:43:48.345781+00:00,PortalGames PS3,RESUMEN,,,,,,,0,SIN PRODUCTOS / REQUIERE PARSER,
2026-09-26T11:43:53.452366+00:00,PortalGames PS4,playwright,1,https://portalgames.com.ar/product-category/juegos-ps4/,playwright,200,307468,Juegos PS4 archivos - Portal Games,,,cuarentena_raw/portalgames_ps4/p1_playwright_http200.html
2026-09-26T11:43:57.603019+00:00,PortalGames PS4,playwright,2,https://portalgames.com.ar/product-category/juegos-ps4/page/2/,playwright,403,28710,Un momento…,,HTTP 403,cuarentena_raw/portalgames_ps4/p2_playwright_http403.html
2026-09-26T11:43:57.921124+00:00,PortalGames PS4,RESUMEN,,,,,,,23,RECUPERADA,
2026-09-26T11:44:01.973109+00:00,PortalGames PS5,playwright,1,https://portalgames.com.ar/product-category/juegos-ps5/,playwright,403,28668,Un momento…,,HTTP 403,cuarentena_raw/portalgames_ps5/p1_playwright_http403.html
2026-09-26T11:44:01.973165+00:00,PortalGames PS5,RESUMEN,,,,,,,0,SIN PRODUCTOS / REQUIERE PARSER,
2026-09-26T11:44:06.012586+00:00,PortalGames Switch,playwright,1,https://portalgames.com.ar/product-category/nintendo-switch/,playwright,403,28704,Un momento…,,HTTP 403,cuarentena_raw/portalgames_switch/p1_playwright_http403.html
2026-09-26T11:44:06.012625+00:00,PortalGames Switch,RESUMEN,,,,,,,0,SIN PRODUCTOS / REQUIERE PARSER,
2026-09-26T11:44:11.704096+00:00,TodoDigital PS4,playwright,1,https://tododigitalshop.com/juegos-digitales-ps4/,playwright,200,421932,Juegos Digitales PS4 Baratos al Mejor Precio | TodoDigitalShop,,,cuarentena_raw/tododigital_ps4/p1_playwright_http200.html
2026-09-26T11:44:17.602114+00:00,TodoDigital PS4,playwright,2,https://tododigitalshop.com/juegos-digitales-ps4/page/2/,playwright,200,410127,Juegos Digitales PS4 Baratos al Mejor Precio | TodoDigitalShop,,,cuarentena_raw/tododigital_ps4/p2_playwright_http200.html
2026-09-26T11:44:23.225893+00:00,TodoDigital PS4,playwright,3,https://tododigitalshop.com/juegos-digitales-ps4/page/3/,playwright,200,388096,Juegos Digitales PS4 Baratos al Mejor Precio | TodoDigitalShop,,,cuarentena_raw/tododigital_ps4/p3_playwright_http200.html
2026-09-26T11:44:29.129932+00:00,TodoDigital PS4,playwright,4,https://tododigitalshop.com/juegos-digitales-ps4/page/4/,playwright,404,331055,Page Not Found | TodoDigitalShop,,HTTP 404,cuarentena_raw/tododigital_ps4/p4_playwright_http404.html
2026-09-26T11:44:29.478788+00:00,TodoDigital PS4,RESUMEN,,,,,,,39,RECUPERADA,
2026-09-26T11:44:35.480568+00:00,TodoDigital PS5,playwright,1,https://tododigitalshop.com/juegos-digitales-ps5/,playwright,200,416049,Juegos Digitales PS5 Baratos al Mejor Precio | TodoDigitalShop,,,cuarentena_raw/tododigital_ps5/p1_playwright_http200.html
2026-09-26T11:44:41.139153+00:00,TodoDigital PS5,playwright,2,https://tododigitalshop.com/juegos-digitales-ps5/page/2/,playwright,200,408496,Juegos Digitales PS5 Baratos al Mejor Precio | TodoDigitalShop,,,cuarentena_raw/tododigital_ps5/p2_playwright_http200.html
2026-09-26T11:44:46.797921+00:00,TodoDigital PS5,playwright,3,https://tododigitalshop.com/juegos-digitales-ps5/page/3/,playwright,200,407847,Juegos Digitales PS5 Baratos al Mejor Precio | TodoDigitalShop,,,cuarentena_raw/tododigital_ps5/p3_playwright_http200.html
2026-09-26T11:44:52.439401+00:00,TodoDigital PS5,playwright,4,https://tododigitalshop.com/juegos-digitales-ps5/page/4/,playwright,200,407190,Juegos Digitales PS5 Baratos al Mejor Precio | TodoDigitalShop,,,cuarentena_raw/tododigital_ps5/p4_playwright_http200.html
2026-09-26T11:44:58.246517+00:00,TodoDigital PS5,playwright,5,https://tododigitalshop.com/juegos-digitales-ps5/page/5/,playwright,200,406415,Juegos Digitales PS5 Baratos al Mejor Precio | TodoDigitalShop,,,cuarentena_raw/tododigital_ps5/p5_playwright_http200.html
2026-09-26T11:45:03.886374+00:00,TodoDigital PS5,playwright,6,https://tododigitalshop.com/juegos-digitales-ps5/page/6/,playwright,200,406005,Juegos Digitales PS5 Baratos al Mejor Precio | TodoDigitalShop,,,cuarentena_raw/tododigital_ps5/p6_playwright_http200.html
2026-09-26T11:45:10.338837+00:00,TodoDigital PS5,playwright,7,https://tododigitalshop.com/juegos-digitales-ps5/page/7/,playwright,200,406214,Juegos Digitales PS5 Baratos al Mejor Precio | TodoDigitalShop,,,cuarentena_raw/tododigital_ps5/p7_playwright_http200.html
2026-09-26T11:45:16.292362+00:00,TodoDigital PS5,playwright,8,https://tododigitalshop.com/juegos-digitales-ps5/page/8/,playwright,200,406946,Juegos Digitales PS5 Baratos al Mejor Precio | TodoDigitalShop,,,cuarentena_raw/tododigital_ps5/p8_playwright_http200.html
2026-09-26T11:45:22.092917+00:00,TodoDigital PS5,playwright,9,https://tododigitalshop.com/juegos-digitales-ps5/page/9/,playwright,200,406509,Juegos Digitales PS5 Baratos al Mejor Precio | TodoDigitalShop,,,cuarentena_raw/tododigital_ps5/p9_playwright_http200.html
2026-09-26T11:45:28.197149+00:00,TodoDigital PS5,playwright,10,https://tododigitalshop.com/juegos-digitales-ps5/page/10/,playwright,200,397631,Juegos Digitales PS5 Baratos al Mejor Precio | TodoDigitalShop,,,cuarentena_raw/tododigital_ps5/p10_playwright_http200.html
2026-09-26T11:45:33.882715+00:00,TodoDigital PS5,playwright,11,https://tododigitalshop.com/juegos-digitales-ps5/page/11/,playwright,404,331096,Page Not Found | TodoDigitalShop,,HTTP 404,cuarentena_raw/tododigital_ps5/p11_playwright_http404.html
2026-09-26T11:45:35.141475+00:00,TodoDigital PS5,RESUMEN,,,,,,,152,RECUPERADA,
2026-09-26T11:45:39.516498+00:00,TodoDigital Switch,playwright,1,https://tododigitalshop.com/juegos-digitales-nintendo-switch/,playwright,200,362334,Juegos Digitales Nintendo Switch | TodoDigitalShop,,,cuarentena_raw/tododigital_switch/p1_playwright_http200.html
2026-09-26T11:45:44.920583+00:00,TodoDigital Switch,playwright,2,https://tododigitalshop.com/juegos-digitales-nintendo-switch/page/2/,playwright,404,331143,Page Not Found | TodoDigitalShop,,HTTP 404,cuarentena_raw/tododigital_switch/p2_playwright_http404.html
2026-09-26T11:45:44.988396+00:00,TodoDigital Switch,RESUMEN,,,,,,,3,RECUPERADA,
2026-09-26T11:45:51.255686+00:00,UruguayDigital GamePass,uruguaydigital,1,https://juegosdigitalesuruguay.com/categorias/membresias-xbox,playwright,200,229958,"Juegos Digitales Uruguay | PS5, PS4, Xbox y Switch Baratos",,,cuarentena_raw/uruguaydigital_gamepass/p1_playwright_http200.html
2026-09-26T11:45:56.148962+00:00,UruguayDigital GamePass,uruguaydigital,2,https://juegosdigitalesuruguay.com/categorias/membresias-xbox?pagina=2,playwright,200,230058,"Juegos Digitales Uruguay | PS5, PS4, Xbox y Switch Baratos",,,cuarentena_raw/uruguaydigital_gamepass/p2_playwright_http200.html
2026-09-26T11:46:01.051587+00:00,UruguayDigital GamePass,uruguaydigital,3,https://juegosdigitalesuruguay.com/categorias/membresias-xbox?pagina=3,playwright,200,230095,"Juegos Digitales Uruguay | PS5, PS4, Xbox y Switch Baratos",,,cuarentena_raw/uruguaydigital_gamepass/p3_playwright_http200.html
2026-09-26T11:46:05.998918+00:00,UruguayDigital GamePass,uruguaydigital,4,https://juegosdigitalesuruguay.com/categorias/membresias-xbox?pagina=4,playwright,200,230100,"Juegos Digitales Uruguay | PS5, PS4, Xbox y Switch Baratos",,,cuarentena_raw/uruguaydigital_gamepass/p4_playwright_http200.html
2026-09-26T11:46:10.985212+00:00,UruguayDigital GamePass,uruguaydigital,5,https://juegosdigitalesuruguay.com/categorias/membresias-xbox?pagina=5,playwright,200,230095,"Juegos Digitales Uruguay | PS5, PS4, Xbox y Switch Baratos",,,cuarentena_raw/uruguaydigital_gamepass/p5_playwright_http200.html
2026-09-26T11:46:15.911673+00:00,UruguayDigital GamePass,uruguaydigital,6,https://juegosdigitalesuruguay.com/categorias/membresias-xbox?pagina=6,playwright,200,230100,"Juegos Digitales Uruguay | PS5, PS4, Xbox y Switch Baratos",,,cuarentena_raw/uruguaydigital_gamepass/p6_playwright_http200.html
2026-09-26T11:46:20.886317+00:00,UruguayDigital GamePass,uruguaydigital,7,https://juegosdigitalesuruguay.com/categorias/membresias-xbox?pagina=7,playwright,200,230095,"Juegos Digitales Uruguay | PS5, PS4, Xbox y Switch Baratos",,,cuarentena_raw/uruguaydigital_gamepass/p7_playwright_http200.html
2026-09-26T11:46:25.860696+00:00,UruguayDigital GamePass,uruguaydigital,8,https://juegosdigitalesuruguay.com/categorias/membresias-xbox?pagina=8,playwright,200,230095,"Juegos Digitales Uruguay | PS5, PS4, Xbox y Switch Baratos",,,cuarentena_raw/uruguaydigital_gamepass/p8_playwright_http200.html
2026-09-26T11:46:30.904680+00:00,UruguayDigital GamePass,uruguaydigital,9,https://juegosdigitalesuruguay.com/categorias/membresias-xbox?pagina=9,playwright,200,230095,"Juegos Digitales Uruguay | PS5, PS4, Xbox y Switch Baratos",,,cuarentena_raw/uruguaydigital_gamepass/p9_playwright_http200.html
2026-09-26T11:46:35.847633+00:00,UruguayDigital GamePass,uruguaydigital,10,https://juegosdigitalesuruguay.com/categorias/membresias-xbox?pagina=10,playwright,200,230095,"Juegos Digitales Uruguay | PS5, PS4, Xbox y Switch Baratos",,,cuarentena_raw/uruguaydigital_gamepass/p10_playwright_http200.html
2026-09-26T11:46:40.746624+00:00,UruguayDigital GamePass,uruguaydigital,11,https://juegosdigitalesuruguay.com/categorias/membresias-xbox?pagina=11,playwright,200,230043,"Juegos Digitales Uruguay | PS5, PS4, Xbox y Switch Baratos",,,cuarentena_raw/uruguaydigital_gamepass/p11_playwright_http200.html
2026-09-26T11:46:45.803713+00:00,UruguayDigital GamePass,uruguaydigital,12,https://juegosdigitalesuruguay.com/categorias/membresias-xbox?pagina=12,playwright,200,230095,"Juegos Digitales Uruguay | PS5, PS4, Xbox y Switch Baratos",,,cuarentena_raw/uruguaydigital_gamepass/p12_playwright_http200.html
2026-09-26T11:46:50.771918+00:00,UruguayDigital GamePass,uruguaydigital,13,https://juegosdigitalesuruguay.com/categorias/membresias-xbox?pagina=13,playwright,200,230095,"Juegos Digitales Uruguay | PS5, PS4, Xbox y Switch Baratos",,,cuarentena_raw/uruguaydigital_gamepass/p13_playwright_http200.html
2026-09-26T11:46:55.751178+00:00,UruguayDigital GamePass,uruguaydigital,14,https://juegosdigitalesuruguay.com/categorias/membresias-xbox?pagina=14,playwright,200,230095,"Juegos Digitales Uruguay | PS5, PS4, Xbox y Switch Baratos",,,cuarentena_raw/uruguaydigital_gamepass/p14_playwright_http200.html
2026-09-26T11:47:00.686200+00:00,UruguayDigital GamePass,uruguaydigital,15,https://juegosdigitalesuruguay.com/categorias/membresias-xbox?pagina=15,playwright,200,230095,"Juegos Digitales Uruguay | PS5, PS4, Xbox y Switch Baratos",,,cuarentena_raw/uruguaydigital_gamepass/p15_playwright_http200.html
2026-09-26T11:47:05.738956+00:00,UruguayDigital GamePass,uruguaydigital,16,https://juegosdigitalesuruguay.com/categorias/membresias-xbox?pagina=16,playwright,200,230095,"Juegos Digitales Uruguay | PS5, PS4, Xbox y Switch Baratos",,,cuarentena_raw/uruguaydigital_gamepass/p16_playwright_http200.html
2026-09-26T11:47:10.674212+00:00,UruguayDigital GamePass,uruguaydigital,17,https://juegosdigitalesuruguay.com/categorias/membresias-xbox?pagina=17,playwright,200,230098,"Juegos Digitales Uruguay | PS5, PS4, Xbox y Switch Baratos",,,cuarentena_raw/uruguaydigital_gamepass/p17_playwright_http200.html
2026-09-26T11:47:15.581447+00:00,UruguayDigital GamePass,uruguaydigital,18,https://juegosdigitalesuruguay.com/categorias/membresias-xbox?pagina=18,playwright,200,230128,"Juegos Digitales Uruguay | PS5, PS4, Xbox y Switch Baratos",,,cuarentena_raw/uruguaydigital_gamepass/p18_playwright_http200.html
2026-09-26T11:47:20.484642+00:00,UruguayDigital GamePass,uruguaydigital,19,https://juegosdigitalesuruguay.com/categorias/membresias-xbox?pagina=19,playwright,200,230098,"Juegos Digitales Uruguay | PS5, PS4, Xbox y Switch Baratos",,,cuarentena_raw/uruguaydigital_gamepass/p19_playwright_http200.html
2026-09-26T11:47:25.476871+00:00,UruguayDigital GamePass,uruguaydigital,20,https://juegosdigitalesuruguay.com/categorias/membresias-xbox?pagina=20,playwright,200,230128,"Juegos Digitales Uruguay | PS5, PS4, Xbox y Switch Baratos",,,cuarentena_raw/uruguaydigital_gamepass/p20_playwright_http200.html
2026-09-26T11:47:30.449004+00:00,UruguayDigital GamePass,uruguaydigital,21,https://juegosdigitalesuruguay.com/categorias/membresias-xbox?pagina=21,playwright,200,230058,"Juegos Digitales Uruguay | PS5, PS4, Xbox y Switch Baratos",,,cuarentena_raw/uruguaydigital_gamepass/p21_playwright_http200.html
2026-09-26T11:47:35.373073+00:00,UruguayDigital GamePass,uruguaydigital,22,https://juegosdigitalesuruguay.com/categorias/membresias-xbox?pagina=22,playwright,200,230043,"Juegos Digitales Uruguay | PS5, PS4, Xbox y Switch Baratos",,,cuarentena_raw/uruguaydigital_gamepass/p22_playwright_http200.html
2026-09-26T11:47:40.374084+00:00,UruguayDigital GamePass,uruguaydigital,23,https://juegosdigitalesuruguay.com/categorias/membresias-xbox?pagina=23,playwright,200,229994,"Juegos Digitales Uruguay | PS5, PS4, Xbox y Switch Baratos",,,cuarentena_raw/uruguaydigital_gamepass/p23_playwright_http200.html
2026-09-26T11:47:45.294723+00:00,UruguayDigital GamePass,uruguaydigital,24,https://juegosdigitalesuruguay.com/categorias/membresias-xbox?pagina=24,playwright,200,230095,"Juegos Digitales Uruguay | PS5, PS4, Xbox y Switch Baratos",,,cuarentena_raw/uruguaydigital_gamepass/p24_playwright_http200.html
2026-09-26T11:47:50.236041+00:00,UruguayDigital GamePass,uruguaydigital,25,https://juegosdigitalesuruguay.com/categorias/membresias-xbox?pagina=25,playwright,200,230100,"Juegos Digitales Uruguay | PS5, PS4, Xbox y Switch Baratos",,,cuarentena_raw/uruguaydigital_gamepass/p25_playwright_http200.html
2026-09-26T11:47:55.170578+00:00,UruguayDigital GamePass,uruguaydigital,26,https://juegosdigitalesuruguay.com/categorias/membresias-xbox?pagina=26,playwright,200,230043,"Juegos Digitales Uruguay | PS5, PS4, Xbox y Switch Baratos",,,cuarentena_raw/uruguaydigital_gamepass/p26_playwright_http200.html
2026-09-26T11:48:00.174743+00:00,UruguayDigital GamePass,uruguaydigital,27,https://juegosdigitalesuruguay.com/categorias/membresias-xbox?pagina=27,playwright,200,230128,"Juegos Digitales Uruguay | PS5, PS4, Xbox y Switch Baratos",,,cuarentena_raw/uruguaydigital_gamepass/p27_playwright_http200.html
2026-09-26T11:48:05.143328+00:00,UruguayDigital GamePass,uruguaydigital,28,https://juegosdigitalesuruguay.com/categorias/membresias-xbox?pagina=28,playwright,200,229994,"Juegos Digitales Uruguay | PS5, PS4, Xbox y Switch Baratos",,,cuarentena_raw/uruguaydigital_gamepass/p28_playwright_http200.html
2026-09-26T11:48:10.156733+00:00,UruguayDigital GamePass,uruguaydigital,29,https://juegosdigitalesuruguay.com/categorias/membresias-xbox?pagina=29,playwright,200,230095,"Juegos Digitales Uruguay | PS5, PS4, Xbox y Switch Baratos",,,cuarentena_raw/uruguaydigital_gamepass/p29_playwright_http200.html
2026-09-26T11:48:15.071002+00:00,UruguayDigital GamePass,uruguaydigital,30,https://juegosdigitalesuruguay.com/categorias/membresias-xbox?pagina=30,playwright,200,230095,"Juegos Digitales Uruguay | PS5, PS4, Xbox y Switch Baratos",,,cuarentena_raw/uruguaydigital_gamepass/p30_playwright_http200.html
2026-09-26T11:48:19.713551+00:00,UruguayDigital GamePass,RESUMEN,,,,,,,0,SIN PRODUCTOS / REQUIERE PARSER,
2026-09-26T11:48:24.734007+00:00,UruguayDigital Nintendo,uruguaydigital,1,https://juegosdigitalesuruguay.com/categorias/nintendo-membresia,playwright,200,208849,"Juegos Digitales Uruguay | PS5, PS4, Xbox y Switch Baratos",,,cuarentena_raw/uruguaydigital_nintendo/p1_playwright_http200.html
2026-09-26T11:48:29.719304+00:00,UruguayDigital Nintendo,uruguaydigital,2,https://juegosdigitalesuruguay.com/categorias/nintendo-membresia?pagina=2,playwright,200,208816,"Juegos Digitales Uruguay | PS5, PS4, Xbox y Switch Baratos",,,cuarentena_raw/uruguaydigital_nintendo/p2_playwright_http200.html
2026-09-26T11:48:34.635675+00:00,UruguayDigital Nintendo,uruguaydigital,3,https://juegosdigitalesuruguay.com/categorias/nintendo-membresia?pagina=3,playwright,200,208821,"Juegos Digitales Uruguay | PS5, PS4, Xbox y Switch Baratos",,,cuarentena_raw/uruguaydigital_nintendo/p3_playwright_http200.html
2026-09-26T11:48:39.538387+00:00,UruguayDigital Nintendo,uruguaydigital,4,https://juegosdigitalesuruguay.com/categorias/nintendo-membresia?pagina=4,playwright,200,208764,"Juegos Digitales Uruguay | PS5, PS4, Xbox y Switch Baratos",,,cuarentena_raw/uruguaydigital_nintendo/p4_playwright_http200.html
2026-09-26T11:48:44.482494+00:00,UruguayDigital Nintendo,uruguaydigital,5,https://juegosdigitalesuruguay.com/categorias/nintendo-membresia?pagina=5,playwright,200,208715,"Juegos Digitales Uruguay | PS5, PS4, Xbox y Switch Baratos",,,cuarentena_raw/uruguaydigital_nintendo/p5_playwright_http200.html
2026-09-26T11:48:49.492508+00:00,UruguayDigital Nintendo,uruguaydigital,6,https://juegosdigitalesuruguay.com/categorias/nintendo-membresia?pagina=6,playwright,200,208821,"Juegos Digitales Uruguay | PS5, PS4, Xbox y Switch Baratos",,,cuarentena_raw/uruguaydigital_nintendo/p6_playwright_http200.html
2026-09-26T11:48:54.470472+00:00,UruguayDigital Nintendo,uruguaydigital,7,https://juegosdigitalesuruguay.com/categorias/nintendo-membresia?pagina=7,playwright,200,208816,"Juegos Digitales Uruguay | PS5, PS4, Xbox y Switch Baratos",,,cuarentena_raw/uruguaydigital_nintendo/p7_playwright_http200.html
2026-09-26T11:48:59.365852+00:00,UruguayDigital Nintendo,uruguaydigital,8,https://juegosdigitalesuruguay.com/categorias/nintendo-membresia?pagina=8,playwright,200,208779,"Juegos Digitales Uruguay | PS5, PS4, Xbox y Switch Baratos",,,cuarentena_raw/uruguaydigital_nintendo/p8_playwright_http200.html
2026-09-26T11:49:04.288746+00:00,UruguayDigital Nintendo,uruguaydigital,9,https://juegosdigitalesuruguay.com/categorias/nintendo-membresia?pagina=9,playwright,200,208678,"Juegos Digitales Uruguay | PS5, PS4, Xbox y Switch Baratos",,,cuarentena_raw/uruguaydigital_nintendo/p9_playwright_http200.html
2026-09-26T11:49:09.273842+00:00,UruguayDigital Nintendo,uruguaydigital,10,https://juegosdigitalesuruguay.com/categorias/nintendo-membresia?pagina=10,playwright,200,208816,"Juegos Digitales Uruguay | PS5, PS4, Xbox y Switch Baratos",,,cuarentena_raw/uruguaydigital_nintendo/p10_playwright_http200.html
2026-09-26T11:49:14.166823+00:00,UruguayDigital Nintendo,uruguaydigital,11,https://juegosdigitalesuruguay.com/categorias/nintendo-membresia?pagina=11,playwright,200,208748,"Juegos Digitales Uruguay | PS5, PS4, Xbox y Switch Baratos",,,cuarentena_raw/uruguaydigital_nintendo/p11_playwright_http200.html
2026-09-26T11:49:19.046932+00:00,UruguayDigital Nintendo,uruguaydigital,12,https://juegosdigitalesuruguay.com/categorias/nintendo-membresia?pagina=12,playwright,200,208821,"Juegos Digitales Uruguay | PS5, PS4, Xbox y Switch Baratos",,,cuarentena_raw/uruguaydigital_nintendo/p12_playwright_http200.html
2026-09-26T11:49:23.926175+00:00,UruguayDigital Nintendo,uruguaydigital,13,https://juegosdigitalesuruguay.com/categorias/nintendo-membresia?pagina=13,playwright,200,208816,"Juegos Digitales Uruguay | PS5, PS4, Xbox y Switch Baratos",,,cuarentena_raw/uruguaydigital_nintendo/p13_playwright_http200.html
2026-09-26T11:49:29.002500+00:00,UruguayDigital Nintendo,uruguaydigital,14,https://juegosdigitalesuruguay.com/categorias/nintendo-membresia?pagina=14,playwright,200,208816,"Juegos Digitales Uruguay | PS5, PS4, Xbox y Switch Baratos",,,cuarentena_raw/uruguaydigital_nintendo/p14_playwright_http200.html
2026-09-26T11:49:30.944578+00:00,UruguayDigital Nintendo,RESUMEN,,,,,,,0,SIN PRODUCTOS / REQUIERE PARSER,
2026-09-26T11:49:36.002411+00:00,UruguayDigital PS3,uruguaydigital,1,https://juegosdigitalesuruguay.com/categorias/juegos-digitales-ps3,playwright,200,325632,"Juegos Digitales Uruguay | PS5, PS4, Xbox y Switch Baratos",,,cuarentena_raw/uruguaydigital_ps3/p1_playwright_http200.html
2026-09-26T11:49:41.274270+00:00,UruguayDigital PS3,uruguaydigital,2,https://juegosdigitalesuruguay.com/categorias/juegos-digitales-ps3?pagina=2,playwright,200,325659,"Juegos Digitales Uruguay | PS5, PS4, Xbox y Switch Baratos",,,cuarentena_raw/uruguaydigital_ps3/p2_playwright_http200.html
2026-09-26T11:49:46.469899+00:00,UruguayDigital PS3,uruguaydigital,3,https://juegosdigitalesuruguay.com/categorias/juegos-digitales-ps3?pagina=3,playwright,200,325744,"Juegos Digitales Uruguay | PS5, PS4, Xbox y Switch Baratos",,,cuarentena_raw/uruguaydigital_ps3/p3_playwright_http200.html
2026-09-26T11:49:51.629175+00:00,UruguayDigital PS3,uruguaydigital,4,https://juegosdigitalesuruguay.com/categorias/juegos-digitales-ps3?pagina=4,playwright,200,325615,"Juegos Digitales Uruguay | PS5, PS4, Xbox y Switch Baratos",,,cuarentena_raw/uruguaydigital_ps3/p4_playwright_http200.html
2026-09-26T11:49:56.875514+00:00,UruguayDigital PS3,uruguaydigital,5,https://juegosdigitalesuruguay.com/categorias/juegos-digitales-ps3?pagina=5,playwright,200,325711,"Juegos Digitales Uruguay | PS5, PS4, Xbox y Switch Baratos",,,cuarentena_raw/uruguaydigital_ps3/p5_playwright_http200.html
2026-09-26T11:50:02.101740+00:00,UruguayDigital PS3,uruguaydigital,6,https://juegosdigitalesuruguay.com/categorias/juegos-digitales-ps3?pagina=6,playwright,200,325714,"Juegos Digitales Uruguay | PS5, PS4, Xbox y Switch Baratos",,,cuarentena_raw/uruguaydigital_ps3/p6_playwright_http200.html
2026-09-26T11:50:07.339057+00:00,UruguayDigital PS3,uruguaydigital,7,https://juegosdigitalesuruguay.com/categorias/juegos-digitales-ps3?pagina=7,playwright,200,325558,"Juegos Digitales Uruguay | PS5, PS4, Xbox y Switch Baratos",,,cuarentena_raw/uruguaydigital_ps3/p7_playwright_http200.html
2026-09-26T11:50:12.719237+00:00,UruguayDigital PS3,uruguaydigital,8,https://juegosdigitalesuruguay.com/categorias/juegos-digitales-ps3?pagina=8,playwright,200,325711,"Juegos Digitales Uruguay | PS5, PS4, Xbox y Switch Baratos",,,cuarentena_raw/uruguaydigital_ps3/p8_playwright_http200.html
2026-09-26T11:50:17.839137+00:00,UruguayDigital PS3,uruguaydigital,9,https://juegosdigitalesuruguay.com/categorias/juegos-digitales-ps3?pagina=9,playwright,200,325659,"Juegos Digitales Uruguay | PS5, PS4, Xbox y Switch Baratos",,,cuarentena_raw/uruguaydigital_ps3/p9_playwright_http200.html
2026-09-26T11:50:22.913330+00:00,UruguayDigital PS3,uruguaydigital,10,https://juegosdigitalesuruguay.com/categorias/juegos-digitales-ps3?pagina=10,playwright,200,325714,"Juegos Digitales Uruguay | PS5, PS4, Xbox y Switch Baratos",,,cuarentena_raw/uruguaydigital_ps3/p10_playwright_http200.html
2026-09-26T11:50:28.151589+00:00,UruguayDigital PS3,uruguaydigital,11,https://juegosdigitalesuruguay.com/categorias/juegos-digitales-ps3?pagina=11,playwright,200,325714,"Juegos Digitales Uruguay | PS5, PS4, Xbox y Switch Baratos",,,cuarentena_raw/uruguaydigital_ps3/p11_playwright_http200.html
2026-09-26T11:50:33.253100+00:00,UruguayDigital PS3,uruguaydigital,12,https://juegosdigitalesuruguay.com/categorias/juegos-digitales-ps3?pagina=12,playwright,200,325714,"Juegos Digitales Uruguay | PS5, PS4, Xbox y Switch Baratos",,,cuarentena_raw/uruguaydigital_ps3/p12_playwright_http200.html
2026-09-26T11:50:38.534177+00:00,UruguayDigital PS3,uruguaydigital,13,https://juegosdigitalesuruguay.com/categorias/juegos-digitales-ps3?pagina=13,playwright,200,325662,"Juegos Digitales Uruguay | PS5, PS4, Xbox y Switch Baratos",,,cuarentena_raw/uruguaydigital_ps3/p13_playwright_http200.html
2026-09-26T11:50:43.750570+00:00,UruguayDigital PS3,uruguaydigital,14,https://juegosdigitalesuruguay.com/categorias/juegos-digitales-ps3?pagina=14,playwright,200,325747,"Juegos Digitales Uruguay | PS5, PS4, Xbox y Switch Baratos",,,cuarentena_raw/uruguaydigital_ps3/p14_playwright_http200.html
2026-09-26T11:50:48.947148+00:00,UruguayDigital PS3,uruguaydigital,15,https://juegosdigitalesuruguay.com/categorias/juegos-digitales-ps3?pagina=15,playwright,200,325717,"Juegos Digitales Uruguay | PS5, PS4, Xbox y Switch Baratos",,,cuarentena_raw/uruguaydigital_ps3/p15_playwright_http200.html
2026-09-26T11:50:54.263588+00:00,UruguayDigital PS3,uruguaydigital,16,https://juegosdigitalesuruguay.com/categorias/juegos-digitales-ps3?pagina=16,playwright,200,325747,"Juegos Digitales Uruguay | PS5, PS4, Xbox y Switch Baratos",,,cuarentena_raw/uruguaydigital_ps3/p16_playwright_http200.html
2026-09-26T11:50:59.537787+00:00,UruguayDigital PS3,uruguaydigital,17,https://juegosdigitalesuruguay.com/categorias/juegos-digitales-ps3?pagina=17,playwright,200,325662,"Juegos Digitales Uruguay | PS5, PS4, Xbox y Switch Baratos",,,cuarentena_raw/uruguaydigital_ps3/p17_playwright_http200.html
2026-09-26T11:51:04.658394+00:00,UruguayDigital PS3,uruguaydigital,18,https://juegosdigitalesuruguay.com/categorias/juegos-digitales-ps3?pagina=18,playwright,200,325677,"Juegos Digitales Uruguay | PS5, PS4, Xbox y Switch Baratos",,,cuarentena_raw/uruguaydigital_ps3/p18_playwright_http200.html
2026-09-26T11:51:09.843337+00:00,UruguayDigital PS3,uruguaydigital,19,https://juegosdigitalesuruguay.com/categorias/juegos-digitales-ps3?pagina=19,playwright,200,325747,"Juegos Digitales Uruguay | PS5, PS4, Xbox y Switch Baratos",,,cuarentena_raw/uruguaydigital_ps3/p19_playwright_http200.html
2026-09-26T11:51:14.922901+00:00,UruguayDigital PS3,uruguaydigital,20,https://juegosdigitalesuruguay.com/categorias/juegos-digitales-ps3?pagina=20,playwright,200,325677,"Juegos Digitales Uruguay | PS5, PS4, Xbox y Switch Baratos",,,cuarentena_raw/uruguaydigital_ps3/p20_playwright_http200.html
2026-09-26T11:51:20.161056+00:00,UruguayDigital PS3,uruguaydigital,21,https://juegosdigitalesuruguay.com/categorias/juegos-digitales-ps3?pagina=21,playwright,200,325714,"Juegos Digitales Uruguay | PS5, PS4, Xbox y Switch Baratos",,,cuarentena_raw/uruguaydigital_ps3/p21_playwright_http200.html
2026-09-26T11:51:25.469475+00:00,UruguayDigital PS3,uruguaydigital,22,https://juegosdigitalesuruguay.com/categorias/juegos-digitales-ps3?pagina=22,playwright,200,325719,"Juegos Digitales Uruguay | PS5, PS4, Xbox y Switch Baratos",,,cuarentena_raw/uruguaydigital_ps3/p22_playwright_http200.html
2026-09-26T11:51:30.938201+00:00,UruguayDigital PS3,uruguaydigital,23,https://juegosdigitalesuruguay.com/categorias/juegos-digitales-ps3?pagina=23,playwright,200,325677,"Juegos Digitales Uruguay | PS5, PS4, Xbox y Switch Baratos",,,cuarentena_raw/uruguaydigital_ps3/p23_playwright_http200.html
2026-09-26T11:51:36.351891+00:00,UruguayDigital PS3,uruguaydigital,24,https://juegosdigitalesuruguay.com/categorias/juegos-digitales-ps3?pagina=24,playwright,200,325714,"Juegos Digitales Uruguay | PS5, PS4, Xbox y Switch Baratos",,,cuarentena_raw/uruguaydigital_ps3/p24_playwright_http200.html
2026-09-26T11:51:41.552952+00:00,UruguayDigital PS3,uruguaydigital,25,https://juegosdigitalesuruguay.com/categorias/juegos-digitales-ps3?pagina=25,playwright,200,325714,"Juegos Digitales Uruguay | PS5, PS4, Xbox y Switch Baratos",,,cuarentena_raw/uruguaydigital_ps3/p25_playwright_http200.html
2026-09-26T11:51:46.785494+00:00,UruguayDigital PS3,uruguaydigital,26,https://juegosdigitalesuruguay.com/categorias/juegos-digitales-ps3?pagina=26,playwright,200,325747,"Juegos Digitales Uruguay | PS5, PS4, Xbox y Switch Baratos",,,cuarentena_raw/uruguaydigital_ps3/p26_playwright_http200.html
2026-09-26T11:51:52.049097+00:00,UruguayDigital PS3,uruguaydigital,27,https://juegosdigitalesuruguay.com/categorias/juegos-digitales-ps3?pagina=27,playwright,200,325618,"Juegos Digitales Uruguay | PS5, PS4, Xbox y Switch Baratos",,,cuarentena_raw/uruguaydigital_ps3/p27_playwright_http200.html
2026-09-26T11:51:57.155259+00:00,UruguayDigital PS3,uruguaydigital,28,https://juegosdigitalesuruguay.com/categorias/juegos-digitales-ps3?pagina=28,playwright,200,325616,"Juegos Digitales Uruguay | PS5, PS4, Xbox y Switch Baratos",,,cuarentena_raw/uruguaydigital_ps3/p28_playwright_http200.html
2026-09-26T11:52:02.456183+00:00,UruguayDigital PS3,uruguaydigital,29,https://juegosdigitalesuruguay.com/categorias/juegos-digitales-ps3?pagina=29,playwright,200,325677,"Juegos Digitales Uruguay | PS5, PS4, Xbox y Switch Baratos",,,cuarentena_raw/uruguaydigital_ps3/p29_playwright_http200.html
2026-09-26T11:52:07.790039+00:00,UruguayDigital PS3,uruguaydigital,30,https://juegosdigitalesuruguay.com/categorias/juegos-digitales-ps3?pagina=30,playwright,200,325719,"Juegos Digitales Uruguay | PS5, PS4, Xbox y Switch Baratos",,,cuarentena_raw/uruguaydigital_ps3/p30_playwright_http200.html
2026-09-26T11:52:14.391259+00:00,UruguayDigital PS3,RESUMEN,,,,,,,0,SIN PRODUCTOS / REQUIERE PARSER,
2026-09-26T11:52:19.712522+00:00,UruguayDigital PS4,uruguaydigital,1,https://juegosdigitalesuruguay.com/categorias/juegos-digitales-ps4,playwright,200,330716,"Juegos Digitales Uruguay | PS5, PS4, Xbox y Switch Baratos",,,cuarentena_raw/uruguaydigital_ps4/p1_playwright_http200.html
2026-09-26T11:52:25.100669+00:00,UruguayDigital PS4,uruguaydigital,2,https://juegosdigitalesuruguay.com/categorias/juegos-digitales-ps4?pagina=2,playwright,200,330740,"Juegos Digitales Uruguay | PS5, PS4, Xbox y Switch Baratos",,,cuarentena_raw/uruguaydigital_ps4/p2_playwright_http200.html
2026-09-26T11:52:30.663215+00:00,UruguayDigital PS4,uruguaydigital,3,https://juegosdigitalesuruguay.com/categorias/juegos-digitales-ps4?pagina=3,playwright,200,330688,"Juegos Digitales Uruguay | PS5, PS4, Xbox y Switch Baratos",,,cuarentena_raw/uruguaydigital_ps4/p3_playwright_http200.html
2026-09-26T11:52:36.082483+00:00,UruguayDigital PS4,uruguaydigital,4,https://juegosdigitalesuruguay.com/categorias/juegos-digitales-ps4?pagina=4,playwright,200,330688,"Juegos Digitales Uruguay | PS5, PS4, Xbox y Switch Baratos",,,cuarentena_raw/uruguaydigital_ps4/p4_playwright_http200.html
2026-09-26T11:52:41.429293+00:00,UruguayDigital PS4,uruguaydigital,5,https://juegosdigitalesuruguay.com/categorias/juegos-digitales-ps4?pagina=5,playwright,200,330740,"Juegos Digitales Uruguay | PS5, PS4, Xbox y Switch Baratos",,,cuarentena_raw/uruguaydigital_ps4/p5_playwright_http200.html
2026-09-26T11:52:46.972601+00:00,UruguayDigital PS4,uruguaydigital,6,https://juegosdigitalesuruguay.com/categorias/juegos-digitales-ps4?pagina=6,playwright,200,330703,"Juegos Digitales Uruguay | PS5, PS4, Xbox y Switch Baratos",,,cuarentena_raw/uruguaydigital_ps4/p6_playwright_http200.html
2026-09-26T11:52:52.457983+00:00,UruguayDigital PS4,uruguaydigital,7,https://juegosdigitalesuruguay.com/categorias/juegos-digitales-ps4?pagina=7,playwright,200,330740,"Juegos Digitales Uruguay | PS5, PS4, Xbox y Switch Baratos",,,cuarentena_raw/uruguaydigital_ps4/p7_playwright_http200.html
2026-09-26T11:52:58.024826+00:00,UruguayDigital PS4,uruguaydigital,8,https://juegosdigitalesuruguay.com/categorias/juegos-digitales-ps4?pagina=8,playwright,200,330745,"Juegos Digitales Uruguay | PS5, PS4, Xbox y Switch Baratos",,,cuarentena_raw/uruguaydigital_ps4/p8_playwright_http200.html
2026-09-26T11:53:03.463405+00:00,UruguayDigital PS4,uruguaydigital,9,https://juegosdigitalesuruguay.com/categorias/juegos-digitales-ps4?pagina=9,playwright,200,330688,"Juegos Digitales Uruguay | PS5, PS4, Xbox y Switch Baratos",,,cuarentena_raw/uruguaydigital_ps4/p9_playwright_http200.html
2026-09-26T11:53:08.861963+00:00,UruguayDigital PS4,uruguaydigital,10,https://juegosdigitalesuruguay.com/categorias/juegos-digitales-ps4?pagina=10,playwright,200,330776,"Juegos Digitales Uruguay | PS5, PS4, Xbox y Switch Baratos",,,cuarentena_raw/uruguaydigital_ps4/p10_playwright_http200.html
2026-09-26T11:53:14.300587+00:00,UruguayDigital PS4,uruguaydigital,11,https://juegosdigitalesuruguay.com/categorias/juegos-digitales-ps4?pagina=11,playwright,200,330743,"Juegos Digitales Uruguay | PS5, PS4, Xbox y Switch Baratos",,,cuarentena_raw/uruguaydigital_ps4/p11_playwright_http200.html
2026-09-26T11:53:19.665448+00:00,UruguayDigital PS4,uruguaydigital,12,https://juegosdigitalesuruguay.com/categorias/juegos-digitales-ps4?pagina=12,playwright,200,330691,"Juegos Digitales Uruguay | PS5, PS4, Xbox y Switch Baratos",,,cuarentena_raw/uruguaydigital_ps4/p12_playwright_http200.html
2026-09-26T11:53:24.990731+00:00,UruguayDigital PS4,uruguaydigital,13,https://juegosdigitalesuruguay.com/categorias/juegos-digitales-ps4?pagina=13,playwright,200,330743,"Juegos Digitales Uruguay | PS5, PS4, Xbox y Switch Baratos",,,cuarentena_raw/uruguaydigital_ps4/p13_playwright_http200.html
2026-09-26T11:53:30.357465+00:00,UruguayDigital PS4,uruguaydigital,14,https://juegosdigitalesuruguay.com/categorias/juegos-digitales-ps4?pagina=14,playwright,200,330743,"Juegos Digitales Uruguay | PS5, PS4, Xbox y Switch Baratos",,,cuarentena_raw/uruguaydigital_ps4/p14_playwright_http200.html
2026-09-26T11:53:35.631872+00:00,UruguayDigital PS4,uruguaydigital,15,https://juegosdigitalesuruguay.com/categorias/juegos-digitales-ps4?pagina=15,playwright,200,330743,"Juegos Digitales Uruguay | PS5, PS4, Xbox y Switch Baratos",,,cuarentena_raw/uruguaydigital_ps4/p15_playwright_http200.html
2026-09-26T11:53:41.023343+00:00,UruguayDigital PS4,uruguaydigital,16,https://juegosdigitalesuruguay.com/categorias/juegos-digitales-ps4?pagina=16,playwright,200,330776,"Juegos Digitales Uruguay | PS5, PS4, Xbox y Switch Baratos",,,cuarentena_raw/uruguaydigital_ps4/p16_playwright_http200.html
2026-09-26T11:53:46.597485+00:00,UruguayDigital PS4,uruguaydigital,17,https://juegosdigitalesuruguay.com/categorias/juegos-digitales-ps4?pagina=17,playwright,200,330706,"Juegos Digitales Uruguay | PS5, PS4, Xbox y Switch Baratos",,,cuarentena_raw/uruguaydigital_ps4/p17_playwright_http200.html
2026-09-26T11:53:52.025852+00:00,UruguayDigital PS4,uruguaydigital,18,https://juegosdigitalesuruguay.com/categorias/juegos-digitales-ps4?pagina=18,playwright,200,330706,"Juegos Digitales Uruguay | PS5, PS4, Xbox y Switch Baratos",,,cuarentena_raw/uruguaydigital_ps4/p18_playwright_http200.html
2026-09-26T11:53:57.391447+00:00,UruguayDigital PS4,uruguaydigital,19,https://juegosdigitalesuruguay.com/categorias/juegos-digitales-ps4?pagina=19,playwright,200,330746,"Juegos Digitales Uruguay | PS5, PS4, Xbox y Switch Baratos",,,cuarentena_raw/uruguaydigital_ps4/p19_playwright_http200.html
2026-09-26T11:54:02.752571+00:00,UruguayDigital PS4,uruguaydigital,20,https://juegosdigitalesuruguay.com/categorias/juegos-digitales-ps4?pagina=20,playwright,200,330706,"Juegos Digitales Uruguay | PS5, PS4, Xbox y Switch Baratos",,,cuarentena_raw/uruguaydigital_ps4/p20_playwright_http200.html
2026-09-26T11:54:08.076898+00:00,UruguayDigital PS4,uruguaydigital,21,https://juegosdigitalesuruguay.com/categorias/juegos-digitales-ps4?pagina=21,playwright,200,330776,"Juegos Digitales Uruguay | PS5, PS4, Xbox y Switch Baratos",,,cuarentena_raw/uruguaydigital_ps4/p21_playwright_http200.html
2026-09-26T11:54:13.542360+00:00,UruguayDigital PS4,uruguaydigital,22,https://juegosdigitalesuruguay.com/categorias/juegos-digitales-ps4?pagina=22,playwright,200,330675,"Juegos Digitales Uruguay | PS5, PS4, Xbox y Switch Baratos",,,cuarentena_raw/uruguaydigital_ps4/p22_playwright_http200.html
2026-09-26T11:54:18.989502+00:00,UruguayDigital PS4,uruguaydigital,23,https://juegosdigitalesuruguay.com/categorias/juegos-digitales-ps4?pagina=23,playwright,200,330748,"Juegos Digitales Uruguay | PS5, PS4, Xbox y Switch Baratos",,,cuarentena_raw/uruguaydigital_ps4/p23_playwright_http200.html
2026-09-26T11:54:24.355173+00:00,UruguayDigital PS4,uruguaydigital,24,https://juegosdigitalesuruguay.com/categorias/juegos-digitales-ps4?pagina=24,playwright,200,330743,"Juegos Digitales Uruguay | PS5, PS4, Xbox y Switch Baratos",,,cuarentena_raw/uruguaydigital_ps4/p24_playwright_http200.html
2026-09-26T11:54:29.759910+00:00,UruguayDigital PS4,uruguaydigital,25,https://juegosdigitalesuruguay.com/categorias/juegos-digitales-ps4?pagina=25,playwright,200,330706,"Juegos Digitales Uruguay | PS5, PS4, Xbox y Switch Baratos",,,cuarentena_raw/uruguaydigital_ps4/p25_playwright_http200.html
2026-09-26T11:54:35.205523+00:00,UruguayDigital PS4,uruguaydigital,26,https://juegosdigitalesuruguay.com/categorias/juegos-digitales-ps4?pagina=26,playwright,200,330743,"Juegos Digitales Uruguay | PS5, PS4, Xbox y Switch Baratos",,,cuarentena_raw/uruguaydigital_ps4/p26_playwright_http200.html
2026-09-26T11:54:40.676901+00:00,UruguayDigital PS4,uruguaydigital,27,https://juegosdigitalesuruguay.com/categorias/juegos-digitales-ps4?pagina=27,playwright,200,330743,"Juegos Digitales Uruguay | PS5, PS4, Xbox y Switch Baratos",,,cuarentena_raw/uruguaydigital_ps4/p27_playwright_http200.html
2026-09-26T11:54:46.102473+00:00,UruguayDigital PS4,uruguaydigital,28,https://juegosdigitalesuruguay.com/categorias/juegos-digitales-ps4?pagina=28,playwright,200,330748,"Juegos Digitales Uruguay | PS5, PS4, Xbox y Switch Baratos",,,cuarentena_raw/uruguaydigital_ps4/p28_playwright_http200.html
2026-09-26T11:54:51.441278+00:00,UruguayDigital PS4,uruguaydigital,29,https://juegosdigitalesuruguay.com/categorias/juegos-digitales-ps4?pagina=29,playwright,200,330776,"Juegos Digitales Uruguay | PS5, PS4, Xbox y Switch Baratos",,,cuarentena_raw/uruguaydigital_ps4/p29_playwright_http200.html
2026-09-26T11:54:56.817411+00:00,UruguayDigital PS4,uruguaydigital,30,https://juegosdigitalesuruguay.com/categorias/juegos-digitales-ps4?pagina=30,playwright,200,330776,"Juegos Digitales Uruguay | PS5, PS4, Xbox y Switch Baratos",,,cuarentena_raw/uruguaydigital_ps4/p30_playwright_http200.html
2026-09-26T11:55:03.656627+00:00,UruguayDigital PS4,RESUMEN,,,,,,,0,SIN PRODUCTOS / REQUIERE PARSER,
2026-09-26T11:55:09.088624+00:00,UruguayDigital PS5,uruguaydigital,1,https://juegosdigitalesuruguay.com/categorias/juegos-digitales-ps5,playwright,200,333306,"Juegos Digitales Uruguay | PS5, PS4, Xbox y Switch Baratos",,,cuarentena_raw/uruguaydigital_ps5/p1_playwright_http200.html
2026-09-26T11:55:14.480364+00:00,UruguayDigital PS5,uruguaydigital,2,https://juegosdigitalesuruguay.com/categorias/juegos-digitales-ps5?pagina=2,playwright,200,333363,"Juegos Digitales Uruguay | PS5, PS4, Xbox y Switch Baratos",,,cuarentena_raw/uruguaydigital_ps5/p2_playwright_http200.html
2026-09-26T11:55:19.986388+00:00,UruguayDigital PS5,uruguaydigital,3,https://juegosdigitalesuruguay.com/categorias/juegos-digitales-ps5?pagina=3,playwright,200,333431,"Juegos Digitales Uruguay | PS5, PS4, Xbox y Switch Baratos",,,cuarentena_raw/uruguaydigital_ps5/p3_playwright_http200.html
2026-09-26T11:55:25.406109+00:00,UruguayDigital PS5,uruguaydigital,4,https://juegosdigitalesuruguay.com/categorias/juegos-digitales-ps5?pagina=4,playwright,200,333379,"Juegos Digitales Uruguay | PS5, PS4, Xbox y Switch Baratos",,,cuarentena_raw/uruguaydigital_ps5/p4_playwright_http200.html
2026-09-26T11:55:30.726890+00:00,UruguayDigital PS5,uruguaydigital,5,https://juegosdigitalesuruguay.com/categorias/juegos-digitales-ps5?pagina=5,playwright,200,333379,"Juegos Digitales Uruguay | PS5, PS4, Xbox y Switch Baratos",,,cuarentena_raw/uruguaydigital_ps5/p5_playwright_http200.html
2026-09-26T11:55:36.188848+00:00,UruguayDigital PS5,uruguaydigital,6,https://juegosdigitalesuruguay.com/categorias/juegos-digitales-ps5?pagina=6,playwright,200,333431,"Juegos Digitales Uruguay | PS5, PS4, Xbox y Switch Baratos",,,cuarentena_raw/uruguaydigital_ps5/p6_playwright_http200.html
2026-09-26T11:55:41.605766+00:00,UruguayDigital PS5,uruguaydigital,7,https://juegosdigitalesuruguay.com/categorias/juegos-digitales-ps5?pagina=7,playwright,200,333394,"Juegos Digitales Uruguay | PS5, PS4, Xbox y Switch Baratos",,,cuarentena_raw/uruguaydigital_ps5/p7_playwright_http200.html
2026-09-26T11:55:47.101417+00:00,UruguayDigital PS5,uruguaydigital,8,https://juegosdigitalesuruguay.com/categorias/juegos-digitales-ps5?pagina=8,playwright,200,333431,"Juegos Digitales Uruguay | PS5, PS4, Xbox y Switch Baratos",,,cuarentena_raw/uruguaydigital_ps5/p8_playwright_http200.html
2026-09-26T11:55:52.419899+00:00,UruguayDigital PS5,uruguaydigital,9,https://juegosdigitalesuruguay.com/categorias/juegos-digitales-ps5?pagina=9,playwright,200,333379,"Juegos Digitales Uruguay | PS5, PS4, Xbox y Switch Baratos",,,cuarentena_raw/uruguaydigital_ps5/p9_playwright_http200.html
2026-09-26T11:55:57.822453+00:00,UruguayDigital PS5,uruguaydigital,10,https://juegosdigitalesuruguay.com/categorias/juegos-digitales-ps5?pagina=10,playwright,200,333336,"Juegos Digitales Uruguay | PS5, PS4, Xbox y Switch Baratos",,,cuarentena_raw/uruguaydigital_ps5/p10_playwright_http200.html
2026-09-26T11:56:03.305680+00:00,UruguayDigital PS5,uruguaydigital,11,https://juegosdigitalesuruguay.com/categorias/juegos-digitales-ps5?pagina=11,playwright,200,333439,"Juegos Digitales Uruguay | PS5, PS4, Xbox y Switch Baratos",,,cuarentena_raw/uruguaydigital_ps5/p11_playwright_http200.html
2026-09-26T11:56:08.745318+00:00,UruguayDigital PS5,uruguaydigital,12,https://juegosdigitalesuruguay.com/categorias/juegos-digitales-ps5?pagina=12,playwright,200,333397,"Juegos Digitales Uruguay | PS5, PS4, Xbox y Switch Baratos",,,cuarentena_raw/uruguaydigital_ps5/p12_playwright_http200.html
2026-09-26T11:56:14.140666+00:00,UruguayDigital PS5,uruguaydigital,13,https://juegosdigitalesuruguay.com/categorias/juegos-digitales-ps5?pagina=13,playwright,200,333397,"Juegos Digitales Uruguay | PS5, PS4, Xbox y Switch Baratos",,,cuarentena_raw/uruguaydigital_ps5/p13_playwright_http200.html
2026-09-26T11:56:19.582082+00:00,UruguayDigital PS5,uruguaydigital,14,https://juegosdigitalesuruguay.com/categorias/juegos-digitales-ps5?pagina=14,playwright,200,333434,"Juegos Digitales Uruguay | PS5, PS4, Xbox y Switch Baratos",,,cuarentena_raw/uruguaydigital_ps5/p14_playwright_http200.html
2026-09-26T11:56:24.981026+00:00,UruguayDigital PS5,uruguaydigital,15,https://juegosdigitalesuruguay.com/categorias/juegos-digitales-ps5?pagina=15,playwright,200,333397,"Juegos Digitales Uruguay | PS5, PS4, Xbox y Switch Baratos",,,cuarentena_raw/uruguaydigital_ps5/p15_playwright_http200.html
2026-09-26T11:56:30.391593+00:00,UruguayDigital PS5,uruguaydigital,16,https://juegosdigitalesuruguay.com/categorias/juegos-digitales-ps5?pagina=16,playwright,200,333439,"Juegos Digitales Uruguay | PS5, PS4, Xbox y Switch Baratos",,,cuarentena_raw/uruguaydigital_ps5/p16_playwright_http200.html
2026-09-26T11:56:35.773778+00:00,UruguayDigital PS5,uruguaydigital,17,https://juegosdigitalesuruguay.com/categorias/juegos-digitales-ps5?pagina=17,playwright,200,333397,"Juegos Digitales Uruguay | PS5, PS4, Xbox y Switch Baratos",,,cuarentena_raw/uruguaydigital_ps5/p17_playwright_http200.html
2026-09-26T11:56:41.195463+00:00,UruguayDigital PS5,uruguaydigital,18,https://juegosdigitalesuruguay.com/categorias/juegos-digitales-ps5?pagina=18,playwright,200,333434,"Juegos Digitales Uruguay | PS5, PS4, Xbox y Switch Baratos",,,cuarentena_raw/uruguaydigital_ps5/p18_playwright_http200.html
2026-09-26T11:56:46.732109+00:00,UruguayDigital PS5,uruguaydigital,19,https://juegosdigitalesuruguay.com/categorias/juegos-digitales-ps5?pagina=19,playwright,200,333467,"Juegos Digitales Uruguay | PS5, PS4, Xbox y Switch Baratos",,,cuarentena_raw/uruguaydigital_ps5/p19_playwright_http200.html
2026-09-26T11:56:52.061739+00:00,UruguayDigital PS5,uruguaydigital,20,https://juegosdigitalesuruguay.com/categorias/juegos-digitales-ps5?pagina=20,playwright,200,333467,"Juegos Digitales Uruguay | PS5, PS4, Xbox y Switch Baratos",,,cuarentena_raw/uruguaydigital_ps5/p20_playwright_http200.html
2026-09-26T11:56:57.523674+00:00,UruguayDigital PS5,uruguaydigital,21,https://juegosdigitalesuruguay.com/categorias/juegos-digitales-ps5?pagina=21,playwright,200,333434,"Juegos Digitales Uruguay | PS5, PS4, Xbox y Switch Baratos",,,cuarentena_raw/uruguaydigital_ps5/p21_playwright_http200.html
2026-09-26T11:57:02.966568+00:00,UruguayDigital PS5,uruguaydigital,22,https://juegosdigitalesuruguay.com/categorias/juegos-digitales-ps5?pagina=22,playwright,200,333382,"Juegos Digitales Uruguay | PS5, PS4, Xbox y Switch Baratos",,,cuarentena_raw/uruguaydigital_ps5/p22_playwright_http200.html
2026-09-26T11:57:08.385939+00:00,UruguayDigital PS5,uruguaydigital,23,https://juegosdigitalesuruguay.com/categorias/juegos-digitales-ps5?pagina=23,playwright,200,333437,"Juegos Digitales Uruguay | PS5, PS4, Xbox y Switch Baratos",,,cuarentena_raw/uruguaydigital_ps5/p23_playwright_http200.html
2026-09-26T11:57:13.726148+00:00,UruguayDigital PS5,uruguaydigital,24,https://juegosdigitalesuruguay.com/categorias/juegos-digitales-ps5?pagina=24,playwright,200,333437,"Juegos Digitales Uruguay | PS5, PS4, Xbox y Switch Baratos",,,cuarentena_raw/uruguaydigital_ps5/p24_playwright_http200.html
2026-09-26T11:57:19.310128+00:00,UruguayDigital PS5,uruguaydigital,25,https://juegosdigitalesuruguay.com/categorias/juegos-digitales-ps5?pagina=25,playwright,200,333434,"Juegos Digitales Uruguay | PS5, PS4, Xbox y Switch Baratos",,,cuarentena_raw/uruguaydigital_ps5/p25_playwright_http200.html
2026-09-26T11:57:24.602025+00:00,UruguayDigital PS5,uruguaydigital,26,https://juegosdigitalesuruguay.com/categorias/juegos-digitales-ps5?pagina=26,playwright,200,333434,"Juegos Digitales Uruguay | PS5, PS4, Xbox y Switch Baratos",,,cuarentena_raw/uruguaydigital_ps5/p26_playwright_http200.html
2026-09-26T11:57:30.096065+00:00,UruguayDigital PS5,uruguaydigital,27,https://juegosdigitalesuruguay.com/categorias/juegos-digitales-ps5?pagina=27,playwright,200,333434,"Juegos Digitales Uruguay | PS5, PS4, Xbox y Switch Baratos",,,cuarentena_raw/uruguaydigital_ps5/p27_playwright_http200.html
2026-09-26T11:57:35.403712+00:00,UruguayDigital PS5,uruguaydigital,28,https://juegosdigitalesuruguay.com/categorias/juegos-digitales-ps5?pagina=28,playwright,200,333434,"Juegos Digitales Uruguay | PS5, PS4, Xbox y Switch Baratos",,,cuarentena_raw/uruguaydigital_ps5/p28_playwright_http200.html
2026-09-26T11:57:40.765198+00:00,UruguayDigital PS5,uruguaydigital,29,https://juegosdigitalesuruguay.com/categorias/juegos-digitales-ps5?pagina=29,playwright,200,333333,"Juegos Digitales Uruguay | PS5, PS4, Xbox y Switch Baratos",,,cuarentena_raw/uruguaydigital_ps5/p29_playwright_http200.html
2026-09-26T11:57:46.120751+00:00,UruguayDigital PS5,uruguaydigital,30,https://juegosdigitalesuruguay.com/categorias/juegos-digitales-ps5?pagina=30,playwright,200,333333,"Juegos Digitales Uruguay | PS5, PS4, Xbox y Switch Baratos",,,cuarentena_raw/uruguaydigital_ps5/p30_playwright_http200.html
2026-09-26T11:57:52.986043+00:00,UruguayDigital PS5,RESUMEN,,,,,,,0,SIN PRODUCTOS / REQUIERE PARSER,
2026-09-26T11:57:57.907015+00:00,UruguayDigital PSN Plus,uruguaydigital,1,https://juegosdigitalesuruguay.com/categorias/cuenta-psn-plus-global,playwright,200,290764,"Juegos Digitales Uruguay | PS5, PS4, Xbox y Switch Baratos",,,cuarentena_raw/uruguaydigital_psn_plus/p1_playwright_http200.html
2026-09-26T11:58:02.908226+00:00,UruguayDigital PSN Plus,uruguaydigital,2,https://juegosdigitalesuruguay.com/categorias/cuenta-psn-plus-global?pagina=2,playwright,200,290766,"Juegos Digitales Uruguay | PS5, PS4, Xbox y Switch Baratos",,,cuarentena_raw/uruguaydigital_psn_plus/p2_playwright_http200.html
2026-09-26T11:58:08.014833+00:00,UruguayDigital PSN Plus,uruguaydigital,3,https://juegosdigitalesuruguay.com/categorias/cuenta-psn-plus-global?pagina=3,playwright,200,290794,"Juegos Digitales Uruguay | PS5, PS4, Xbox y Switch Baratos",,,cuarentena_raw/uruguaydigital_psn_plus/p3_playwright_http200.html
2026-09-26T11:58:13.050311+00:00,UruguayDigital PSN Plus,uruguaydigital,4,https://juegosdigitalesuruguay.com/categorias/cuenta-psn-plus-global?pagina=4,playwright,200,290724,"Juegos Digitales Uruguay | PS5, PS4, Xbox y Switch Baratos",,,cuarentena_raw/uruguaydigital_psn_plus/p4_playwright_http200.html
2026-09-26T11:58:18.123982+00:00,UruguayDigital PSN Plus,uruguaydigital,5,https://juegosdigitalesuruguay.com/categorias/cuenta-psn-plus-global?pagina=5,playwright,200,290764,"Juegos Digitales Uruguay | PS5, PS4, Xbox y Switch Baratos",,,cuarentena_raw/uruguaydigital_psn_plus/p5_playwright_http200.html
2026-09-26T11:58:23.248622+00:00,UruguayDigital PSN Plus,uruguaydigital,6,https://juegosdigitalesuruguay.com/categorias/cuenta-psn-plus-global?pagina=6,playwright,200,290724,"Juegos Digitales Uruguay | PS5, PS4, Xbox y Switch Baratos",,,cuarentena_raw/uruguaydigital_psn_plus/p6_playwright_http200.html
2026-09-26T11:58:28.246705+00:00,UruguayDigital PSN Plus,uruguaydigital,7,https://juegosdigitalesuruguay.com/categorias/cuenta-psn-plus-global?pagina=7,playwright,200,290761,"Juegos Digitales Uruguay | PS5, PS4, Xbox y Switch Baratos",,,cuarentena_raw/uruguaydigital_psn_plus/p7_playwright_http200.html
2026-09-26T11:58:33.247609+00:00,UruguayDigital PSN Plus,uruguaydigital,8,https://juegosdigitalesuruguay.com/categorias/cuenta-psn-plus-global?pagina=8,playwright,200,290764,"Juegos Digitales Uruguay | PS5, PS4, Xbox y Switch Baratos",,,cuarentena_raw/uruguaydigital_psn_plus/p8_playwright_http200.html
2026-09-26T11:58:38.379964+00:00,UruguayDigital PSN Plus,uruguaydigital,9,https://juegosdigitalesuruguay.com/categorias/cuenta-psn-plus-global?pagina=9,playwright,200,290766,"Juegos Digitales Uruguay | PS5, PS4, Xbox y Switch Baratos",,,cuarentena_raw/uruguaydigital_psn_plus/p9_playwright_http200.html
2026-09-26T11:58:43.399893+00:00,UruguayDigital PSN Plus,uruguaydigital,10,https://juegosdigitalesuruguay.com/categorias/cuenta-psn-plus-global?pagina=10,playwright,200,290764,"Juegos Digitales Uruguay | PS5, PS4, Xbox y Switch Baratos",,,cuarentena_raw/uruguaydigital_psn_plus/p10_playwright_http200.html
2026-09-26T11:58:48.463359+00:00,UruguayDigital PSN Plus,uruguaydigital,11,https://juegosdigitalesuruguay.com/categorias/cuenta-psn-plus-global?pagina=11,playwright,200,290766,"Juegos Digitales Uruguay | PS5, PS4, Xbox y Switch Baratos",,,cuarentena_raw/uruguaydigital_psn_plus/p11_playwright_http200.html
2026-09-26T11:58:53.560270+00:00,UruguayDigital PSN Plus,uruguaydigital,12,https://juegosdigitalesuruguay.com/categorias/cuenta-psn-plus-global?pagina=12,playwright,200,290761,"Juegos Digitales Uruguay | PS5, PS4, Xbox y Switch Baratos",,,cuarentena_raw/uruguaydigital_psn_plus/p12_playwright_http200.html
2026-09-26T11:58:58.529167+00:00,UruguayDigital PSN Plus,uruguaydigital,13,https://juegosdigitalesuruguay.com/categorias/cuenta-psn-plus-global?pagina=13,playwright,200,290764,"Juegos Digitales Uruguay | PS5, PS4, Xbox y Switch Baratos",,,cuarentena_raw/uruguaydigital_psn_plus/p13_playwright_http200.html
2026-09-26T11:59:03.563913+00:00,UruguayDigital PSN Plus,uruguaydigital,14,https://juegosdigitalesuruguay.com/categorias/cuenta-psn-plus-global?pagina=14,playwright,200,290693,"Juegos Digitales Uruguay | PS5, PS4, Xbox y Switch Baratos",,,cuarentena_raw/uruguaydigital_psn_plus/p14_playwright_http200.html
2026-09-26T11:59:08.689398+00:00,UruguayDigital PSN Plus,uruguaydigital,15,https://juegosdigitalesuruguay.com/categorias/cuenta-psn-plus-global?pagina=15,playwright,200,290709,"Juegos Digitales Uruguay | PS5, PS4, Xbox y Switch Baratos",,,cuarentena_raw/uruguaydigital_psn_plus/p15_playwright_http200.html
2026-09-26T11:59:13.760751+00:00,UruguayDigital PSN Plus,uruguaydigital,16,https://juegosdigitalesuruguay.com/categorias/cuenta-psn-plus-global?pagina=16,playwright,200,290709,"Juegos Digitales Uruguay | PS5, PS4, Xbox y Switch Baratos",,,cuarentena_raw/uruguaydigital_psn_plus/p16_playwright_http200.html
2026-09-26T11:59:18.781148+00:00,UruguayDigital PSN Plus,uruguaydigital,17,https://juegosdigitalesuruguay.com/categorias/cuenta-psn-plus-global?pagina=17,playwright,200,290761,"Juegos Digitales Uruguay | PS5, PS4, Xbox y Switch Baratos",,,cuarentena_raw/uruguaydigital_psn_plus/p17_playwright_http200.html
2026-09-26T11:59:23.856847+00:00,UruguayDigital PSN Plus,uruguaydigital,18,https://juegosdigitalesuruguay.com/categorias/cuenta-psn-plus-global?pagina=18,playwright,200,290709,"Juegos Digitales Uruguay | PS5, PS4, Xbox y Switch Baratos",,,cuarentena_raw/uruguaydigital_psn_plus/p18_playwright_http200.html
2026-09-26T11:59:28.903422+00:00,UruguayDigital PSN Plus,uruguaydigital,19,https://juegosdigitalesuruguay.com/categorias/cuenta-psn-plus-global?pagina=19,playwright,200,290794,"Juegos Digitales Uruguay | PS5, PS4, Xbox y Switch Baratos",,,cuarentena_raw/uruguaydigital_psn_plus/p19_playwright_http200.html
2026-09-26T11:59:33.949565+00:00,UruguayDigital PSN Plus,uruguaydigital,20,https://juegosdigitalesuruguay.com/categorias/cuenta-psn-plus-global?pagina=20,playwright,200,290761,"Juegos Digitales Uruguay | PS5, PS4, Xbox y Switch Baratos",,,cuarentena_raw/uruguaydigital_psn_plus/p20_playwright_http200.html
2026-09-26T11:59:39.056796+00:00,UruguayDigital PSN Plus,uruguaydigital,21,https://juegosdigitalesuruguay.com/categorias/cuenta-psn-plus-global?pagina=21,playwright,200,290623,"Juegos Digitales Uruguay | PS5, PS4, Xbox y Switch Baratos",,,cuarentena_raw/uruguaydigital_psn_plus/p21_playwright_http200.html
2026-09-26T11:59:44.066334+00:00,UruguayDigital PSN Plus,uruguaydigital,22,https://juegosdigitalesuruguay.com/categorias/cuenta-psn-plus-global?pagina=22,playwright,200,290663,"Juegos Digitales Uruguay | PS5, PS4, Xbox y Switch Baratos",,,cuarentena_raw/uruguaydigital_psn_plus/p22_playwright_http200.html
2026-09-26T11:59:49.079261+00:00,UruguayDigital PSN Plus,uruguaydigital,23,https://juegosdigitalesuruguay.com/categorias/cuenta-psn-plus-global?pagina=23,playwright,200,290794,"Juegos Digitales Uruguay | PS5, PS4, Xbox y Switch Baratos",,,cuarentena_raw/uruguaydigital_psn_plus/p23_playwright_http200.html
2026-09-26T11:59:54.162714+00:00,UruguayDigital PSN Plus,uruguaydigital,24,https://juegosdigitalesuruguay.com/categorias/cuenta-psn-plus-global?pagina=24,playwright,200,290761,"Juegos Digitales Uruguay | PS5, PS4, Xbox y Switch Baratos",,,cuarentena_raw/uruguaydigital_psn_plus/p24_playwright_http200.html
2026-09-26T11:59:59.163046+00:00,UruguayDigital PSN Plus,uruguaydigital,25,https://juegosdigitalesuruguay.com/categorias/cuenta-psn-plus-global?pagina=25,playwright,200,290761,"Juegos Digitales Uruguay | PS5, PS4, Xbox y Switch Baratos",,,cuarentena_raw/uruguaydigital_psn_plus/p25_playwright_http200.html
2026-09-26T12:00:04.299702+00:00,UruguayDigital PSN Plus,uruguaydigital,26,https://juegosdigitalesuruguay.com/categorias/cuenta-psn-plus-global?pagina=26,playwright,200,290724,"Juegos Digitales Uruguay | PS5, PS4, Xbox y Switch Baratos",,,cuarentena_raw/uruguaydigital_psn_plus/p26_playwright_http200.html
2026-09-26T12:00:09.427361+00:00,UruguayDigital PSN Plus,uruguaydigital,27,https://juegosdigitalesuruguay.com/categorias/cuenta-psn-plus-global?pagina=27,playwright,200,290761,"Juegos Digitales Uruguay | PS5, PS4, Xbox y Switch Baratos",,,cuarentena_raw/uruguaydigital_psn_plus/p27_playwright_http200.html
2026-09-26T12:00:14.456809+00:00,UruguayDigital PSN Plus,uruguaydigital,28,https://juegosdigitalesuruguay.com/categorias/cuenta-psn-plus-global?pagina=28,playwright,200,290761,"Juegos Digitales Uruguay | PS5, PS4, Xbox y Switch Baratos",,,cuarentena_raw/uruguaydigital_psn_plus/p28_playwright_http200.html
2026-09-26T12:00:19.497272+00:00,UruguayDigital PSN Plus,uruguaydigital,29,https://juegosdigitalesuruguay.com/categorias/cuenta-psn-plus-global?pagina=29,playwright,200,290794,"Juegos Digitales Uruguay | PS5, PS4, Xbox y Switch Baratos",,,cuarentena_raw/uruguaydigital_psn_plus/p29_playwright_http200.html
2026-09-26T12:00:24.589068+00:00,UruguayDigital PSN Plus,uruguaydigital,30,https://juegosdigitalesuruguay.com/categorias/cuenta-psn-plus-global?pagina=30,playwright,200,290665,"Juegos Digitales Uruguay | PS5, PS4, Xbox y Switch Baratos",,,cuarentena_raw/uruguaydigital_psn_plus/p30_playwright_http200.html
2026-09-26T12:00:30.492506+00:00,UruguayDigital PSN Plus,RESUMEN,,,,,,,0,SIN PRODUCTOS / REQUIERE PARSER,
2026-09-26T12:00:35.825751+00:00,UruguayDigital Switch1,uruguaydigital,1,https://juegosdigitalesuruguay.com/categorias/nintendo-switch/juegos-nintendo-switch,playwright,200,334638,"Juegos Digitales Uruguay | PS5, PS4, Xbox y Switch Baratos",,,cuarentena_raw/uruguaydigital_switch1/p1_playwright_http200.html
2026-09-26T12:00:40.990049+00:00,UruguayDigital Switch1,uruguaydigital,2,https://juegosdigitalesuruguay.com/categorias/nintendo-switch/juegos-nintendo-switch?pagina=2,playwright,200,334660,"Juegos Digitales Uruguay | PS5, PS4, Xbox y Switch Baratos",,,cuarentena_raw/uruguaydigital_switch1/p2_playwright_http200.html
2026-09-26T12:00:46.250219+00:00,UruguayDigital Switch1,uruguaydigital,3,https://juegosdigitalesuruguay.com/categorias/nintendo-switch/juegos-nintendo-switch?pagina=3,playwright,200,334608,"Juegos Digitales Uruguay | PS5, PS4, Xbox y Switch Baratos",,,cuarentena_raw/uruguaydigital_switch1/p3_playwright_http200.html
2026-09-26T12:00:51.563330+00:00,UruguayDigital Switch1,uruguaydigital,4,https://juegosdigitalesuruguay.com/categorias/nintendo-switch/juegos-nintendo-switch?pagina=4,playwright,200,334659,"Juegos Digitales Uruguay | PS5, PS4, Xbox y Switch Baratos",,,cuarentena_raw/uruguaydigital_switch1/p4_playwright_http200.html
2026-09-26T12:00:56.791701+00:00,UruguayDigital Switch1,uruguaydigital,5,https://juegosdigitalesuruguay.com/categorias/nintendo-switch/juegos-nintendo-switch?pagina=5,playwright,200,334656,"Juegos Digitales Uruguay | PS5, PS4, Xbox y Switch Baratos",,,cuarentena_raw/uruguaydigital_switch1/p5_playwright_http200.html
2026-09-26T12:01:01.929083+00:00,UruguayDigital Switch1,uruguaydigital,6,https://juegosdigitalesuruguay.com/categorias/nintendo-switch/juegos-nintendo-switch?pagina=6,playwright,200,334656,"Juegos Digitales Uruguay | PS5, PS4, Xbox y Switch Baratos",,,cuarentena_raw/uruguaydigital_switch1/p6_playwright_http200.html
2026-09-26T12:01:07.105476+00:00,UruguayDigital Switch1,uruguaydigital,7,https://juegosdigitalesuruguay.com/categorias/nintendo-switch/juegos-nintendo-switch?pagina=7,playwright,200,334656,"Juegos Digitales Uruguay | PS5, PS4, Xbox y Switch Baratos",,,cuarentena_raw/uruguaydigital_switch1/p7_playwright_http200.html
2026-09-26T12:01:12.246797+00:00,UruguayDigital Switch1,uruguaydigital,8,https://juegosdigitalesuruguay.com/categorias/nintendo-switch/juegos-nintendo-switch?pagina=8,playwright,200,334659,"Juegos Digitales Uruguay | PS5, PS4, Xbox y Switch Baratos",,,cuarentena_raw/uruguaydigital_switch1/p8_playwright_http200.html
2026-09-26T12:01:17.542316+00:00,UruguayDigital Switch1,uruguaydigital,9,https://juegosdigitalesuruguay.com/categorias/nintendo-switch/juegos-nintendo-switch?pagina=9,playwright,200,334656,"Juegos Digitales Uruguay | PS5, PS4, Xbox y Switch Baratos",,,cuarentena_raw/uruguaydigital_switch1/p9_playwright_http200.html
2026-09-26T12:01:22.700978+00:00,UruguayDigital Switch1,uruguaydigital,10,https://juegosdigitalesuruguay.com/categorias/nintendo-switch/juegos-nintendo-switch?pagina=10,playwright,200,334558,"Juegos Digitales Uruguay | PS5, PS4, Xbox y Switch Baratos",,,cuarentena_raw/uruguaydigital_switch1/p10_playwright_http200.html
2026-09-26T12:01:27.795178+00:00,UruguayDigital Switch1,uruguaydigital,11,https://juegosdigitalesuruguay.com/categorias/nintendo-switch/juegos-nintendo-switch?pagina=11,playwright,200,334662,"Juegos Digitales Uruguay | PS5, PS4, Xbox y Switch Baratos",,,cuarentena_raw/uruguaydigital_switch1/p11_playwright_http200.html
2026-09-26T12:01:33.027813+00:00,UruguayDigital Switch1,uruguaydigital,12,https://juegosdigitalesuruguay.com/categorias/nintendo-switch/juegos-nintendo-switch?pagina=12,playwright,200,334692,"Juegos Digitales Uruguay | PS5, PS4, Xbox y Switch Baratos",,,cuarentena_raw/uruguaydigital_switch1/p12_playwright_http200.html
2026-09-26T12:01:38.228849+00:00,UruguayDigital Switch1,uruguaydigital,13,https://juegosdigitalesuruguay.com/categorias/nintendo-switch/juegos-nintendo-switch?pagina=13,playwright,200,334607,"Juegos Digitales Uruguay | PS5, PS4, Xbox y Switch Baratos",,,cuarentena_raw/uruguaydigital_switch1/p13_playwright_http200.html
2026-09-26T12:01:43.398321+00:00,UruguayDigital Switch1,uruguaydigital,14,https://juegosdigitalesuruguay.com/categorias/nintendo-switch/juegos-nintendo-switch?pagina=14,playwright,200,334659,"Juegos Digitales Uruguay | PS5, PS4, Xbox y Switch Baratos",,,cuarentena_raw/uruguaydigital_switch1/p14_playwright_http200.html
2026-09-26T12:01:48.583878+00:00,UruguayDigital Switch1,uruguaydigital,15,https://juegosdigitalesuruguay.com/categorias/nintendo-switch/juegos-nintendo-switch?pagina=15,playwright,200,334659,"Juegos Digitales Uruguay | PS5, PS4, Xbox y Switch Baratos",,,cuarentena_raw/uruguaydigital_switch1/p15_playwright_http200.html
2026-09-26T12:01:53.775866+00:00,UruguayDigital Switch1,uruguaydigital,16,https://juegosdigitalesuruguay.com/categorias/nintendo-switch/juegos-nintendo-switch?pagina=16,playwright,200,334659,"Juegos Digitales Uruguay | PS5, PS4, Xbox y Switch Baratos",,,cuarentena_raw/uruguaydigital_switch1/p16_playwright_http200.html
2026-09-26T12:01:58.974187+00:00,UruguayDigital Switch1,uruguaydigital,17,https://juegosdigitalesuruguay.com/categorias/nintendo-switch/juegos-nintendo-switch?pagina=17,playwright,200,334659,"Juegos Digitales Uruguay | PS5, PS4, Xbox y Switch Baratos",,,cuarentena_raw/uruguaydigital_switch1/p17_playwright_http200.html
2026-09-26T12:02:04.260358+00:00,UruguayDigital Switch1,uruguaydigital,18,https://juegosdigitalesuruguay.com/categorias/nintendo-switch/juegos-nintendo-switch?pagina=18,playwright,200,334692,"Juegos Digitales Uruguay | PS5, PS4, Xbox y Switch Baratos",,,cuarentena_raw/uruguaydigital_switch1/p18_playwright_http200.html
2026-09-26T12:02:09.505701+00:00,UruguayDigital Switch1,uruguaydigital,19,https://juegosdigitalesuruguay.com/categorias/nintendo-switch/juegos-nintendo-switch?pagina=19,playwright,200,334659,"Juegos Digitales Uruguay | PS5, PS4, Xbox y Switch Baratos",,,cuarentena_raw/uruguaydigital_switch1/p19_playwright_http200.html
2026-09-26T12:02:14.762070+00:00,UruguayDigital Switch1,uruguaydigital,20,https://juegosdigitalesuruguay.com/categorias/nintendo-switch/juegos-nintendo-switch?pagina=20,playwright,200,334607,"Juegos Digitales Uruguay | PS5, PS4, Xbox y Switch Baratos",,,cuarentena_raw/uruguaydigital_switch1/p20_playwright_http200.html
2026-09-26T12:02:19.983939+00:00,UruguayDigital Switch1,uruguaydigital,21,https://juegosdigitalesuruguay.com/categorias/nintendo-switch/juegos-nintendo-switch?pagina=21,playwright,200,334659,"Juegos Digitales Uruguay | PS5, PS4, Xbox y Switch Baratos",,,cuarentena_raw/uruguaydigital_switch1/p21_playwright_http200.html
2026-09-26T12:02:25.188393+00:00,UruguayDigital Switch1,uruguaydigital,22,https://juegosdigitalesuruguay.com/categorias/nintendo-switch/juegos-nintendo-switch?pagina=22,playwright,200,334659,"Juegos Digitales Uruguay | PS5, PS4, Xbox y Switch Baratos",,,cuarentena_raw/uruguaydigital_switch1/p22_playwright_http200.html
2026-09-26T12:02:30.395729+00:00,UruguayDigital Switch1,uruguaydigital,23,https://juegosdigitalesuruguay.com/categorias/nintendo-switch/juegos-nintendo-switch?pagina=23,playwright,200,334659,"Juegos Digitales Uruguay | PS5, PS4, Xbox y Switch Baratos",,,cuarentena_raw/uruguaydigital_switch1/p23_playwright_http200.html
2026-09-26T12:02:35.516525+00:00,UruguayDigital Switch1,uruguaydigital,24,https://juegosdigitalesuruguay.com/categorias/nintendo-switch/juegos-nintendo-switch?pagina=24,playwright,200,334662,"Juegos Digitales Uruguay | PS5, PS4, Xbox y Switch Baratos",,,cuarentena_raw/uruguaydigital_switch1/p24_playwright_http200.html
2026-09-26T12:02:40.641707+00:00,UruguayDigital Switch1,uruguaydigital,25,https://juegosdigitalesuruguay.com/categorias/nintendo-switch/juegos-nintendo-switch?pagina=25,playwright,200,334659,"Juegos Digitales Uruguay | PS5, PS4, Xbox y Switch Baratos",,,cuarentena_raw/uruguaydigital_switch1/p25_playwright_http200.html
2026-09-26T12:02:45.954169+00:00,UruguayDigital Switch1,uruguaydigital,26,https://juegosdigitalesuruguay.com/categorias/nintendo-switch/juegos-nintendo-switch?pagina=26,playwright,200,334664,"Juegos Digitales Uruguay | PS5, PS4, Xbox y Switch Baratos",,,cuarentena_raw/uruguaydigital_switch1/p26_playwright_http200.html
2026-09-26T12:02:51.073511+00:00,UruguayDigital Switch1,uruguaydigital,27,https://juegosdigitalesuruguay.com/categorias/nintendo-switch/juegos-nintendo-switch?pagina=27,playwright,200,334662,"Juegos Digitales Uruguay | PS5, PS4, Xbox y Switch Baratos",,,cuarentena_raw/uruguaydigital_switch1/p27_playwright_http200.html
2026-09-26T12:02:56.296469+00:00,UruguayDigital Switch1,uruguaydigital,28,https://juegosdigitalesuruguay.com/categorias/nintendo-switch/juegos-nintendo-switch?pagina=28,playwright,200,334692,"Juegos Digitales Uruguay | PS5, PS4, Xbox y Switch Baratos",,,cuarentena_raw/uruguaydigital_switch1/p28_playwright_http200.html
2026-09-26T12:03:01.467730+00:00,UruguayDigital Switch1,uruguaydigital,29,https://juegosdigitalesuruguay.com/categorias/nintendo-switch/juegos-nintendo-switch?pagina=29,playwright,200,334561,"Juegos Digitales Uruguay | PS5, PS4, Xbox y Switch Baratos",,,cuarentena_raw/uruguaydigital_switch1/p29_playwright_http200.html
2026-09-26T12:03:06.667937+00:00,UruguayDigital Switch1,uruguaydigital,30,https://juegosdigitalesuruguay.com/categorias/nintendo-switch/juegos-nintendo-switch?pagina=30,playwright,200,334622,"Juegos Digitales Uruguay | PS5, PS4, Xbox y Switch Baratos",,,cuarentena_raw/uruguaydigital_switch1/p30_playwright_http200.html
2026-09-26T12:03:13.538697+00:00,UruguayDigital Switch1,RESUMEN,,,,,,,0,SIN PRODUCTOS / REQUIERE PARSER,
2026-09-26T12:03:19.473628+00:00,UruguayDigital Switch2,uruguaydigital,1,https://www.juegosdigitalesuruguay.com/categorias/nintendo-switch-2,playwright,200,240510,"Juegos Digitales Uruguay | PS5, PS4, Xbox y Switch Baratos",,,cuarentena_raw/uruguaydigital_switch2/p1_playwright_http200.html
2026-09-26T12:03:24.488252+00:00,UruguayDigital Switch2,uruguaydigital,2,https://www.juegosdigitalesuruguay.com/categorias/nintendo-switch-2?pagina=2,playwright,200,240651,"Juegos Digitales Uruguay | PS5, PS4, Xbox y Switch Baratos",,,cuarentena_raw/uruguaydigital_switch2/p2_playwright_http200.html
2026-09-26T12:03:29.463905+00:00,UruguayDigital Switch2,uruguaydigital,3,https://www.juegosdigitalesuruguay.com/categorias/nintendo-switch-2?pagina=3,playwright,200,240653,"Juegos Digitales Uruguay | PS5, PS4, Xbox y Switch Baratos",,,cuarentena_raw/uruguaydigital_switch2/p3_playwright_http200.html
2026-09-26T12:03:34.478473+00:00,UruguayDigital Switch2,uruguaydigital,4,https://www.juegosdigitalesuruguay.com/categorias/nintendo-switch-2?pagina=4,playwright,200,240547,"Juegos Digitales Uruguay | PS5, PS4, Xbox y Switch Baratos",,,cuarentena_raw/uruguaydigital_switch2/p4_playwright_http200.html
2026-09-26T12:03:39.409477+00:00,UruguayDigital Switch2,uruguaydigital,5,https://www.juegosdigitalesuruguay.com/categorias/nintendo-switch-2?pagina=5,playwright,200,240648,"Juegos Digitales Uruguay | PS5, PS4, Xbox y Switch Baratos",,,cuarentena_raw/uruguaydigital_switch2/p5_playwright_http200.html
2026-09-26T12:03:44.356900+00:00,UruguayDigital Switch2,uruguaydigital,6,https://www.juegosdigitalesuruguay.com/categorias/nintendo-switch-2?pagina=6,playwright,200,240653,"Juegos Digitales Uruguay | PS5, PS4, Xbox y Switch Baratos",,,cuarentena_raw/uruguaydigital_switch2/p6_playwright_http200.html
2026-09-26T12:03:49.304225+00:00,UruguayDigital Switch2,uruguaydigital,7,https://www.juegosdigitalesuruguay.com/categorias/nintendo-switch-2?pagina=7,playwright,200,240611,"Juegos Digitales Uruguay | PS5, PS4, Xbox y Switch Baratos",,,cuarentena_raw/uruguaydigital_switch2/p7_playwright_http200.html
2026-09-26T12:03:54.436685+00:00,UruguayDigital Switch2,uruguaydigital,8,https://www.juegosdigitalesuruguay.com/categorias/nintendo-switch-2?pagina=8,playwright,200,240596,"Juegos Digitales Uruguay | PS5, PS4, Xbox y Switch Baratos",,,cuarentena_raw/uruguaydigital_switch2/p8_playwright_http200.html
2026-09-26T12:03:59.396931+00:00,UruguayDigital Switch2,uruguaydigital,9,https://www.juegosdigitalesuruguay.com/categorias/nintendo-switch-2?pagina=9,playwright,200,240651,"Juegos Digitales Uruguay | PS5, PS4, Xbox y Switch Baratos",,,cuarentena_raw/uruguaydigital_switch2/p9_playwright_http200.html
2026-09-26T12:04:04.333602+00:00,UruguayDigital Switch2,uruguaydigital,10,https://www.juegosdigitalesuruguay.com/categorias/nintendo-switch-2?pagina=10,playwright,200,240648,"Juegos Digitales Uruguay | PS5, PS4, Xbox y Switch Baratos",,,cuarentena_raw/uruguaydigital_switch2/p10_playwright_http200.html
2026-09-26T12:04:09.278273+00:00,UruguayDigital Switch2,uruguaydigital,11,https://www.juegosdigitalesuruguay.com/categorias/nintendo-switch-2?pagina=11,playwright,200,240596,"Juegos Digitales Uruguay | PS5, PS4, Xbox y Switch Baratos",,,cuarentena_raw/uruguaydigital_switch2/p11_playwright_http200.html
2026-09-26T12:04:14.286683+00:00,UruguayDigital Switch2,uruguaydigital,12,https://www.juegosdigitalesuruguay.com/categorias/nintendo-switch-2?pagina=12,playwright,200,240648,"Juegos Digitales Uruguay | PS5, PS4, Xbox y Switch Baratos",,,cuarentena_raw/uruguaydigital_switch2/p12_playwright_http200.html
2026-09-26T12:04:19.213458+00:00,UruguayDigital Switch2,uruguaydigital,13,https://www.juegosdigitalesuruguay.com/categorias/nintendo-switch-2?pagina=13,playwright,200,240550,"Juegos Digitales Uruguay | PS5, PS4, Xbox y Switch Baratos",,,cuarentena_raw/uruguaydigital_switch2/p13_playwright_http200.html
2026-09-26T12:04:24.156454+00:00,UruguayDigital Switch2,uruguaydigital,14,https://www.juegosdigitalesuruguay.com/categorias/nintendo-switch-2?pagina=14,playwright,200,240648,"Juegos Digitales Uruguay | PS5, PS4, Xbox y Switch Baratos",,,cuarentena_raw/uruguaydigital_switch2/p14_playwright_http200.html
2026-09-26T12:04:29.223057+00:00,UruguayDigital Switch2,uruguaydigital,15,https://www.juegosdigitalesuruguay.com/categorias/nintendo-switch-2?pagina=15,playwright,200,240648,"Juegos Digitales Uruguay | PS5, PS4, Xbox y Switch Baratos",,,cuarentena_raw/uruguaydigital_switch2/p15_playwright_http200.html
2026-09-26T12:04:34.215800+00:00,UruguayDigital Switch2,uruguaydigital,16,https://www.juegosdigitalesuruguay.com/categorias/nintendo-switch-2?pagina=16,playwright,200,240648,"Juegos Digitales Uruguay | PS5, PS4, Xbox y Switch Baratos",,,cuarentena_raw/uruguaydigital_switch2/p16_playwright_http200.html
2026-09-26T12:04:39.166093+00:00,UruguayDigital Switch2,uruguaydigital,17,https://www.juegosdigitalesuruguay.com/categorias/nintendo-switch-2?pagina=17,playwright,200,240653,"Juegos Digitales Uruguay | PS5, PS4, Xbox y Switch Baratos",,,cuarentena_raw/uruguaydigital_switch2/p17_playwright_http200.html
2026-09-26T12:04:44.132580+00:00,UruguayDigital Switch2,uruguaydigital,18,https://www.juegosdigitalesuruguay.com/categorias/nintendo-switch-2?pagina=18,playwright,200,240648,"Juegos Digitales Uruguay | PS5, PS4, Xbox y Switch Baratos",,,cuarentena_raw/uruguaydigital_switch2/p18_playwright_http200.html
2026-09-26T12:04:49.143306+00:00,UruguayDigital Switch2,uruguaydigital,19,https://www.juegosdigitalesuruguay.com/categorias/nintendo-switch-2?pagina=19,playwright,200,240651,"Juegos Digitales Uruguay | PS5, PS4, Xbox y Switch Baratos",,,cuarentena_raw/uruguaydigital_switch2/p19_playwright_http200.html
2026-09-26T12:04:54.076366+00:00,UruguayDigital Switch2,uruguaydigital,20,https://www.juegosdigitalesuruguay.com/categorias/nintendo-switch-2?pagina=20,playwright,200,240648,"Juegos Digitales Uruguay | PS5, PS4, Xbox y Switch Baratos",,,cuarentena_raw/uruguaydigital_switch2/p20_playwright_http200.html
2026-09-26T12:04:59.027719+00:00,UruguayDigital Switch2,uruguaydigital,21,https://www.juegosdigitalesuruguay.com/categorias/nintendo-switch-2?pagina=21,playwright,200,240651,"Juegos Digitales Uruguay | PS5, PS4, Xbox y Switch Baratos",,,cuarentena_raw/uruguaydigital_switch2/p21_playwright_http200.html
2026-09-26T12:05:04.039627+00:00,UruguayDigital Switch2,uruguaydigital,22,https://www.juegosdigitalesuruguay.com/categorias/nintendo-switch-2?pagina=22,playwright,200,240611,"Juegos Digitales Uruguay | PS5, PS4, Xbox y Switch Baratos",,,cuarentena_raw/uruguaydigital_switch2/p22_playwright_http200.html
2026-09-26T12:05:09.020979+00:00,UruguayDigital Switch2,uruguaydigital,23,https://www.juegosdigitalesuruguay.com/categorias/nintendo-switch-2?pagina=23,playwright,200,240648,"Juegos Digitales Uruguay | PS5, PS4, Xbox y Switch Baratos",,,cuarentena_raw/uruguaydigital_switch2/p23_playwright_http200.html
2026-09-26T12:05:13.971267+00:00,UruguayDigital Switch2,uruguaydigital,24,https://www.juegosdigitalesuruguay.com/categorias/nintendo-switch-2?pagina=24,playwright,200,240547,"Juegos Digitales Uruguay | PS5, PS4, Xbox y Switch Baratos",,,cuarentena_raw/uruguaydigital_switch2/p24_playwright_http200.html
2026-09-26T12:05:18.970644+00:00,UruguayDigital Switch2,uruguaydigital,25,https://www.juegosdigitalesuruguay.com/categorias/nintendo-switch-2?pagina=25,playwright,200,240653,"Juegos Digitales Uruguay | PS5, PS4, Xbox y Switch Baratos",,,cuarentena_raw/uruguaydigital_switch2/p25_playwright_http200.html
2026-09-26T12:05:24.051578+00:00,UruguayDigital Switch2,uruguaydigital,26,https://www.juegosdigitalesuruguay.com/categorias/nintendo-switch-2?pagina=26,playwright,200,240648,"Juegos Digitales Uruguay | PS5, PS4, Xbox y Switch Baratos",,,cuarentena_raw/uruguaydigital_switch2/p26_playwright_http200.html
2026-09-26T12:05:29.039032+00:00,UruguayDigital Switch2,uruguaydigital,27,https://www.juegosdigitalesuruguay.com/categorias/nintendo-switch-2?pagina=27,playwright,200,240596,"Juegos Digitales Uruguay | PS5, PS4, Xbox y Switch Baratos",,,cuarentena_raw/uruguaydigital_switch2/p27_playwright_http200.html
2026-09-26T12:05:33.998056+00:00,UruguayDigital Switch2,uruguaydigital,28,https://www.juegosdigitalesuruguay.com/categorias/nintendo-switch-2?pagina=28,playwright,200,240648,"Juegos Digitales Uruguay | PS5, PS4, Xbox y Switch Baratos",,,cuarentena_raw/uruguaydigital_switch2/p28_playwright_http200.html
2026-09-26T12:05:38.976549+00:00,UruguayDigital Switch2,uruguaydigital,29,https://www.juegosdigitalesuruguay.com/categorias/nintendo-switch-2?pagina=29,playwright,200,240611,"Juegos Digitales Uruguay | PS5, PS4, Xbox y Switch Baratos",,,cuarentena_raw/uruguaydigital_switch2/p29_playwright_http200.html
2026-09-26T12:05:44.007731+00:00,UruguayDigital Switch2,uruguaydigital,30,https://www.juegosdigitalesuruguay.com/categorias/nintendo-switch-2?pagina=30,playwright,200,240681,"Juegos Digitales Uruguay | PS5, PS4, Xbox y Switch Baratos",,,cuarentena_raw/uruguaydigital_switch2/p30_playwright_http200.html
2026-09-26T12:05:49.089419+00:00,UruguayDigital Switch2,RESUMEN,,,,,,,0,SIN PRODUCTOS / REQUIERE PARSER,
2026-09-26T12:05:54.744449+00:00,UruguayDigital Xbox One,uruguaydigital,1,https://juegosdigitalesuruguay.com/categorias/xbox/juegos-xbox-one,playwright,200,333161,"Juegos Digitales Uruguay | PS5, PS4, Xbox y Switch Baratos",,,cuarentena_raw/uruguaydigital_xbox_one/p1_playwright_http200.html
2026-09-26T12:06:00.024018+00:00,UruguayDigital Xbox One,uruguaydigital,2,https://juegosdigitalesuruguay.com/categorias/xbox/juegos-xbox-one?pagina=2,playwright,200,333188,"Juegos Digitales Uruguay | PS5, PS4, Xbox y Switch Baratos",,,cuarentena_raw/uruguaydigital_xbox_one/p2_playwright_http200.html
2026-09-26T12:06:05.382491+00:00,UruguayDigital Xbox One,uruguaydigital,3,https://juegosdigitalesuruguay.com/categorias/xbox/juegos-xbox-one?pagina=3,playwright,200,333225,"Juegos Digitales Uruguay | PS5, PS4, Xbox y Switch Baratos",,,cuarentena_raw/uruguaydigital_xbox_one/p3_playwright_http200.html
2026-09-26T12:06:10.595261+00:00,UruguayDigital Xbox One,uruguaydigital,4,https://juegosdigitalesuruguay.com/categorias/xbox/juegos-xbox-one?pagina=4,playwright,200,333228,"Juegos Digitales Uruguay | PS5, PS4, Xbox y Switch Baratos",,,cuarentena_raw/uruguaydigital_xbox_one/p4_playwright_http200.html
2026-09-26T12:06:16.221399+00:00,UruguayDigital Xbox One,uruguaydigital,5,https://juegosdigitalesuruguay.com/categorias/xbox/juegos-xbox-one?pagina=5,playwright,200,333173,"Juegos Digitales Uruguay | PS5, PS4, Xbox y Switch Baratos",,,cuarentena_raw/uruguaydigital_xbox_one/p5_playwright_http200.html
2026-09-26T12:06:21.471869+00:00,UruguayDigital Xbox One,uruguaydigital,6,https://juegosdigitalesuruguay.com/categorias/xbox/juegos-xbox-one?pagina=6,playwright,200,333228,"Juegos Digitales Uruguay | PS5, PS4, Xbox y Switch Baratos",,,cuarentena_raw/uruguaydigital_xbox_one/p6_playwright_http200.html
2026-09-26T12:06:26.822235+00:00,UruguayDigital Xbox One,uruguaydigital,7,https://juegosdigitalesuruguay.com/categorias/xbox/juegos-xbox-one?pagina=7,playwright,200,333230,"Juegos Digitales Uruguay | PS5, PS4, Xbox y Switch Baratos",,,cuarentena_raw/uruguaydigital_xbox_one/p7_playwright_http200.html
2026-09-26T12:06:32.146220+00:00,UruguayDigital Xbox One,uruguaydigital,8,https://juegosdigitalesuruguay.com/categorias/xbox/juegos-xbox-one?pagina=8,playwright,200,333225,"Juegos Digitales Uruguay | PS5, PS4, Xbox y Switch Baratos",,,cuarentena_raw/uruguaydigital_xbox_one/p8_playwright_http200.html
2026-09-26T12:06:37.406550+00:00,UruguayDigital Xbox One,uruguaydigital,9,https://juegosdigitalesuruguay.com/categorias/xbox/juegos-xbox-one?pagina=9,playwright,200,333230,"Juegos Digitales Uruguay | PS5, PS4, Xbox y Switch Baratos",,,cuarentena_raw/uruguaydigital_xbox_one/p9_playwright_http200.html
2026-09-26T12:06:42.698610+00:00,UruguayDigital Xbox One,uruguaydigital,10,https://juegosdigitalesuruguay.com/categorias/xbox/juegos-xbox-one?pagina=10,playwright,200,333228,"Juegos Digitales Uruguay | PS5, PS4, Xbox y Switch Baratos",,,cuarentena_raw/uruguaydigital_xbox_one/p10_playwright_http200.html
2026-09-26T12:06:47.928100+00:00,UruguayDigital Xbox One,uruguaydigital,11,https://juegosdigitalesuruguay.com/categorias/xbox/juegos-xbox-one?pagina=11,playwright,200,333233,"Juegos Digitales Uruguay | PS5, PS4, Xbox y Switch Baratos",,,cuarentena_raw/uruguaydigital_xbox_one/p11_playwright_http200.html
2026-09-26T12:06:53.201832+00:00,UruguayDigital Xbox One,uruguaydigital,12,https://juegosdigitalesuruguay.com/categorias/xbox/juegos-xbox-one?pagina=12,playwright,200,333228,"Juegos Digitales Uruguay | PS5, PS4, Xbox y Switch Baratos",,,cuarentena_raw/uruguaydigital_xbox_one/p12_playwright_http200.html
2026-09-26T12:06:58.521505+00:00,UruguayDigital Xbox One,uruguaydigital,13,https://juegosdigitalesuruguay.com/categorias/xbox/juegos-xbox-one?pagina=13,playwright,200,333233,"Juegos Digitales Uruguay | PS5, PS4, Xbox y Switch Baratos",,,cuarentena_raw/uruguaydigital_xbox_one/p13_playwright_http200.html
2026-09-26T12:07:03.875843+00:00,UruguayDigital Xbox One,uruguaydigital,14,https://juegosdigitalesuruguay.com/categorias/xbox/juegos-xbox-one?pagina=14,playwright,200,333233,"Juegos Digitales Uruguay | PS5, PS4, Xbox y Switch Baratos",,,cuarentena_raw/uruguaydigital_xbox_one/p14_playwright_http200.html
2026-09-26T12:07:09.098717+00:00,UruguayDigital Xbox One,uruguaydigital,15,https://juegosdigitalesuruguay.com/categorias/xbox/juegos-xbox-one?pagina=15,playwright,200,333127,"Juegos Digitales Uruguay | PS5, PS4, Xbox y Switch Baratos",,,cuarentena_raw/uruguaydigital_xbox_one/p15_playwright_http200.html
2026-09-26T12:07:14.323856+00:00,UruguayDigital Xbox One,uruguaydigital,16,https://juegosdigitalesuruguay.com/categorias/xbox/juegos-xbox-one?pagina=16,playwright,200,333228,"Juegos Digitales Uruguay | PS5, PS4, Xbox y Switch Baratos",,,cuarentena_raw/uruguaydigital_xbox_one/p16_playwright_http200.html
2026-09-26T12:07:19.457201+00:00,UruguayDigital Xbox One,uruguaydigital,17,https://juegosdigitalesuruguay.com/categorias/xbox/juegos-xbox-one?pagina=17,playwright,200,333231,"Juegos Digitales Uruguay | PS5, PS4, Xbox y Switch Baratos",,,cuarentena_raw/uruguaydigital_xbox_one/p17_playwright_http200.html
2026-09-26T12:07:24.886187+00:00,UruguayDigital Xbox One,uruguaydigital,18,https://juegosdigitalesuruguay.com/categorias/xbox/juegos-xbox-one?pagina=18,playwright,200,333228,"Juegos Digitales Uruguay | PS5, PS4, Xbox y Switch Baratos",,,cuarentena_raw/uruguaydigital_xbox_one/p18_playwright_http200.html
2026-09-26T12:07:30.141391+00:00,UruguayDigital Xbox One,uruguaydigital,19,https://juegosdigitalesuruguay.com/categorias/xbox/juegos-xbox-one?pagina=19,playwright,200,333090,"Juegos Digitales Uruguay | PS5, PS4, Xbox y Switch Baratos",,,cuarentena_raw/uruguaydigital_xbox_one/p19_playwright_http200.html
2026-09-26T12:07:35.429438+00:00,UruguayDigital Xbox One,uruguaydigital,20,https://juegosdigitalesuruguay.com/categorias/xbox/juegos-xbox-one?pagina=20,playwright,200,333231,"Juegos Digitales Uruguay | PS5, PS4, Xbox y Switch Baratos",,,cuarentena_raw/uruguaydigital_xbox_one/p20_playwright_http200.html
2026-09-26T12:07:40.746277+00:00,UruguayDigital Xbox One,uruguaydigital,21,https://juegosdigitalesuruguay.com/categorias/xbox/juegos-xbox-one?pagina=21,playwright,200,333228,"Juegos Digitales Uruguay | PS5, PS4, Xbox y Switch Baratos",,,cuarentena_raw/uruguaydigital_xbox_one/p21_playwright_http200.html
2026-09-26T12:07:45.997950+00:00,UruguayDigital Xbox One,uruguaydigital,22,https://juegosdigitalesuruguay.com/categorias/xbox/juegos-xbox-one?pagina=22,playwright,200,333261,"Juegos Digitales Uruguay | PS5, PS4, Xbox y Switch Baratos",,,cuarentena_raw/uruguaydigital_xbox_one/p22_playwright_http200.html
2026-09-26T12:07:51.160923+00:00,UruguayDigital Xbox One,uruguaydigital,23,https://juegosdigitalesuruguay.com/categorias/xbox/juegos-xbox-one?pagina=23,playwright,200,333231,"Juegos Digitales Uruguay | PS5, PS4, Xbox y Switch Baratos",,,cuarentena_raw/uruguaydigital_xbox_one/p23_playwright_http200.html
2026-09-26T12:07:56.482637+00:00,UruguayDigital Xbox One,uruguaydigital,24,https://juegosdigitalesuruguay.com/categorias/xbox/juegos-xbox-one?pagina=24,playwright,200,333233,"Juegos Digitales Uruguay | PS5, PS4, Xbox y Switch Baratos",,,cuarentena_raw/uruguaydigital_xbox_one/p24_playwright_http200.html
2026-09-26T12:08:01.702449+00:00,UruguayDigital Xbox One,uruguaydigital,25,https://juegosdigitalesuruguay.com/categorias/xbox/juegos-xbox-one?pagina=25,playwright,200,333261,"Juegos Digitales Uruguay | PS5, PS4, Xbox y Switch Baratos",,,cuarentena_raw/uruguaydigital_xbox_one/p25_playwright_http200.html
2026-09-26T12:08:06.997511+00:00,UruguayDigital Xbox One,uruguaydigital,26,https://juegosdigitalesuruguay.com/categorias/xbox/juegos-xbox-one?pagina=26,playwright,200,333233,"Juegos Digitales Uruguay | PS5, PS4, Xbox y Switch Baratos",,,cuarentena_raw/uruguaydigital_xbox_one/p26_playwright_http200.html
2026-09-26T12:08:12.219496+00:00,UruguayDigital Xbox One,uruguaydigital,27,https://juegosdigitalesuruguay.com/categorias/xbox/juegos-xbox-one?pagina=27,playwright,200,333233,"Juegos Digitales Uruguay | PS5, PS4, Xbox y Switch Baratos",,,cuarentena_raw/uruguaydigital_xbox_one/p27_playwright_http200.html
2026-09-26T12:08:17.567643+00:00,UruguayDigital Xbox One,uruguaydigital,28,https://juegosdigitalesuruguay.com/categorias/xbox/juegos-xbox-one?pagina=28,playwright,200,333075,"Juegos Digitales Uruguay | PS5, PS4, Xbox y Switch Baratos",,,cuarentena_raw/uruguaydigital_xbox_one/p28_playwright_http200.html
2026-09-26T12:08:22.963303+00:00,UruguayDigital Xbox One,uruguaydigital,29,https://juegosdigitalesuruguay.com/categorias/xbox/juegos-xbox-one?pagina=29,playwright,200,333176,"Juegos Digitales Uruguay | PS5, PS4, Xbox y Switch Baratos",,,cuarentena_raw/uruguaydigital_xbox_one/p29_playwright_http200.html
2026-09-26T12:08:28.202335+00:00,UruguayDigital Xbox One,uruguaydigital,30,https://juegosdigitalesuruguay.com/categorias/xbox/juegos-xbox-one?pagina=30,playwright,200,333176,"Juegos Digitales Uruguay | PS5, PS4, Xbox y Switch Baratos",,,cuarentena_raw/uruguaydigital_xbox_one/p30_playwright_http200.html
2026-09-26T12:08:35.014128+00:00,UruguayDigital Xbox One,RESUMEN,,,,,,,0,SIN PRODUCTOS / REQUIERE PARSER,
2026-09-26T12:08:40.128670+00:00,UruguayDigital Xbox XS,uruguaydigital,1,https://juegosdigitalesuruguay.com/categorias/xbox/juegos-xbox-series-xs,playwright,200,334105,"Juegos Digitales Uruguay | PS5, PS4, Xbox y Switch Baratos",,,cuarentena_raw/uruguaydigital_xbox_xs/p1_playwright_http200.html
2026-09-26T12:08:45.534993+00:00,UruguayDigital Xbox XS,uruguaydigital,2,https://juegosdigitalesuruguay.com/categorias/xbox/juegos-xbox-series-xs?pagina=2,playwright,200,334132,"Juegos Digitales Uruguay | PS5, PS4, Xbox y Switch Baratos",,,cuarentena_raw/uruguaydigital_xbox_xs/p2_playwright_http200.html
2026-09-26T12:08:50.839463+00:00,UruguayDigital Xbox XS,uruguaydigital,3,https://juegosdigitalesuruguay.com/categorias/xbox/juegos-xbox-series-xs?pagina=3,playwright,200,334169,"Juegos Digitales Uruguay | PS5, PS4, Xbox y Switch Baratos",,,cuarentena_raw/uruguaydigital_xbox_xs/p3_playwright_http200.html
2026-09-26T12:08:56.176560+00:00,UruguayDigital Xbox XS,uruguaydigital,4,https://juegosdigitalesuruguay.com/categorias/xbox/juegos-xbox-series-xs?pagina=4,playwright,200,334132,"Juegos Digitales Uruguay | PS5, PS4, Xbox y Switch Baratos",,,cuarentena_raw/uruguaydigital_xbox_xs/p4_playwright_http200.html
2026-09-26T12:09:01.584819+00:00,UruguayDigital Xbox XS,uruguaydigital,5,https://juegosdigitalesuruguay.com/categorias/xbox/juegos-xbox-series-xs?pagina=5,playwright,200,334174,"Juegos Digitales Uruguay | PS5, PS4, Xbox y Switch Baratos",,,cuarentena_raw/uruguaydigital_xbox_xs/p5_playwright_http200.html
2026-09-26T12:09:07.144431+00:00,UruguayDigital Xbox XS,uruguaydigital,6,https://juegosdigitalesuruguay.com/categorias/xbox/juegos-xbox-series-xs?pagina=6,playwright,200,334172,"Juegos Digitales Uruguay | PS5, PS4, Xbox y Switch Baratos",,,cuarentena_raw/uruguaydigital_xbox_xs/p6_playwright_http200.html
2026-09-26T12:09:12.423743+00:00,UruguayDigital Xbox XS,uruguaydigital,7,https://juegosdigitalesuruguay.com/categorias/xbox/juegos-xbox-series-xs?pagina=7,playwright,200,334169,"Juegos Digitales Uruguay | PS5, PS4, Xbox y Switch Baratos",,,cuarentena_raw/uruguaydigital_xbox_xs/p7_playwright_http200.html
2026-09-26T12:09:17.710245+00:00,UruguayDigital Xbox XS,uruguaydigital,8,https://juegosdigitalesuruguay.com/categorias/xbox/juegos-xbox-series-xs?pagina=8,playwright,200,334117,"Juegos Digitales Uruguay | PS5, PS4, Xbox y Switch Baratos",,,cuarentena_raw/uruguaydigital_xbox_xs/p8_playwright_http200.html
2026-09-26T12:09:22.974194+00:00,UruguayDigital Xbox XS,uruguaydigital,9,https://juegosdigitalesuruguay.com/categorias/xbox/juegos-xbox-series-xs?pagina=9,playwright,200,334202,"Juegos Digitales Uruguay | PS5, PS4, Xbox y Switch Baratos",,,cuarentena_raw/uruguaydigital_xbox_xs/p9_playwright_http200.html
2026-09-26T12:09:28.423699+00:00,UruguayDigital Xbox XS,uruguaydigital,10,https://juegosdigitalesuruguay.com/categorias/xbox/juegos-xbox-series-xs?pagina=10,playwright,200,334172,"Juegos Digitales Uruguay | PS5, PS4, Xbox y Switch Baratos",,,cuarentena_raw/uruguaydigital_xbox_xs/p10_playwright_http200.html
2026-09-26T12:09:33.672590+00:00,UruguayDigital Xbox XS,uruguaydigital,11,https://juegosdigitalesuruguay.com/categorias/xbox/juegos-xbox-series-xs?pagina=11,playwright,200,334172,"Juegos Digitales Uruguay | PS5, PS4, Xbox y Switch Baratos",,,cuarentena_raw/uruguaydigital_xbox_xs/p11_playwright_http200.html
2026-09-26T12:09:38.983170+00:00,UruguayDigital Xbox XS,uruguaydigital,12,https://juegosdigitalesuruguay.com/categorias/xbox/juegos-xbox-series-xs?pagina=12,playwright,200,334172,"Juegos Digitales Uruguay | PS5, PS4, Xbox y Switch Baratos",,,cuarentena_raw/uruguaydigital_xbox_xs/p12_playwright_http200.html
2026-09-26T12:09:44.366386+00:00,UruguayDigital Xbox XS,uruguaydigital,13,https://juegosdigitalesuruguay.com/categorias/xbox/juegos-xbox-series-xs?pagina=13,playwright,200,334175,"Juegos Digitales Uruguay | PS5, PS4, Xbox y Switch Baratos",,,cuarentena_raw/uruguaydigital_xbox_xs/p13_playwright_http200.html
2026-09-26T12:09:49.563154+00:00,UruguayDigital Xbox XS,uruguaydigital,14,https://juegosdigitalesuruguay.com/categorias/xbox/juegos-xbox-series-xs?pagina=14,playwright,200,334120,"Juegos Digitales Uruguay | PS5, PS4, Xbox y Switch Baratos",,,cuarentena_raw/uruguaydigital_xbox_xs/p14_playwright_http200.html
2026-09-26T12:09:54.977480+00:00,UruguayDigital Xbox XS,uruguaydigital,15,https://juegosdigitalesuruguay.com/categorias/xbox/juegos-xbox-series-xs?pagina=15,playwright,200,334172,"Juegos Digitales Uruguay | PS5, PS4, Xbox y Switch Baratos",,,cuarentena_raw/uruguaydigital_xbox_xs/p15_playwright_http200.html
2026-09-26T12:10:00.254186+00:00,UruguayDigital Xbox XS,uruguaydigital,16,https://juegosdigitalesuruguay.com/categorias/xbox/juegos-xbox-series-xs?pagina=16,playwright,200,334120,"Juegos Digitales Uruguay | PS5, PS4, Xbox y Switch Baratos",,,cuarentena_raw/uruguaydigital_xbox_xs/p16_playwright_http200.html
2026-09-26T12:10:05.531620+00:00,UruguayDigital Xbox XS,uruguaydigital,17,https://juegosdigitalesuruguay.com/categorias/xbox/juegos-xbox-series-xs?pagina=17,playwright,200,334177,"Juegos Digitales Uruguay | PS5, PS4, Xbox y Switch Baratos",,,cuarentena_raw/uruguaydigital_xbox_xs/p17_playwright_http200.html
2026-09-26T12:10:10.956970+00:00,UruguayDigital Xbox XS,uruguaydigital,18,https://juegosdigitalesuruguay.com/categorias/xbox/juegos-xbox-series-xs?pagina=18,playwright,200,334177,"Juegos Digitales Uruguay | PS5, PS4, Xbox y Switch Baratos",,,cuarentena_raw/uruguaydigital_xbox_xs/p18_playwright_http200.html
2026-09-26T12:10:16.208837+00:00,UruguayDigital Xbox XS,uruguaydigital,19,https://juegosdigitalesuruguay.com/categorias/xbox/juegos-xbox-series-xs?pagina=19,playwright,200,334120,"Juegos Digitales Uruguay | PS5, PS4, Xbox y Switch Baratos",,,cuarentena_raw/uruguaydigital_xbox_xs/p19_playwright_http200.html
2026-09-26T12:10:21.397605+00:00,UruguayDigital Xbox XS,uruguaydigital,20,https://juegosdigitalesuruguay.com/categorias/xbox/juegos-xbox-series-xs?pagina=20,playwright,200,334172,"Juegos Digitales Uruguay | PS5, PS4, Xbox y Switch Baratos",,,cuarentena_raw/uruguaydigital_xbox_xs/p20_playwright_http200.html
2026-09-26T12:10:26.738244+00:00,UruguayDigital Xbox XS,uruguaydigital,21,https://juegosdigitalesuruguay.com/categorias/xbox/juegos-xbox-series-xs?pagina=21,playwright,200,334172,"Juegos Digitales Uruguay | PS5, PS4, Xbox y Switch Baratos",,,cuarentena_raw/uruguaydigital_xbox_xs/p21_playwright_http200.html
2026-09-26T12:10:32.071674+00:00,UruguayDigital Xbox XS,uruguaydigital,22,https://juegosdigitalesuruguay.com/categorias/xbox/juegos-xbox-series-xs?pagina=22,playwright,200,334104,"Juegos Digitales Uruguay | PS5, PS4, Xbox y Switch Baratos",,,cuarentena_raw/uruguaydigital_xbox_xs/p22_playwright_http200.html
2026-09-26T12:10:37.391055+00:00,UruguayDigital Xbox XS,uruguaydigital,23,https://juegosdigitalesuruguay.com/categorias/xbox/juegos-xbox-series-xs?pagina=23,playwright,200,334177,"Juegos Digitales Uruguay | PS5, PS4, Xbox y Switch Baratos",,,cuarentena_raw/uruguaydigital_xbox_xs/p23_playwright_http200.html
2026-09-26T12:10:42.614708+00:00,UruguayDigital Xbox XS,uruguaydigital,24,https://juegosdigitalesuruguay.com/categorias/xbox/juegos-xbox-series-xs?pagina=24,playwright,200,334172,"Juegos Digitales Uruguay | PS5, PS4, Xbox y Switch Baratos",,,cuarentena_raw/uruguaydigital_xbox_xs/p24_playwright_http200.html
2026-09-26T12:10:47.897198+00:00,UruguayDigital Xbox XS,uruguaydigital,25,https://juegosdigitalesuruguay.com/categorias/xbox/juegos-xbox-series-xs?pagina=25,playwright,200,334205,"Juegos Digitales Uruguay | PS5, PS4, Xbox y Switch Baratos",,,cuarentena_raw/uruguaydigital_xbox_xs/p25_playwright_http200.html
2026-09-26T12:10:53.149386+00:00,UruguayDigital Xbox XS,uruguaydigital,26,https://juegosdigitalesuruguay.com/categorias/xbox/juegos-xbox-series-xs?pagina=26,playwright,200,334175,"Juegos Digitales Uruguay | PS5, PS4, Xbox y Switch Baratos",,,cuarentena_raw/uruguaydigital_xbox_xs/p26_playwright_http200.html
2026-09-26T12:10:58.502785+00:00,UruguayDigital Xbox XS,uruguaydigital,27,https://juegosdigitalesuruguay.com/categorias/xbox/juegos-xbox-series-xs?pagina=27,playwright,200,334135,"Juegos Digitales Uruguay | PS5, PS4, Xbox y Switch Baratos",,,cuarentena_raw/uruguaydigital_xbox_xs/p27_playwright_http200.html
2026-09-26T12:11:03.874609+00:00,UruguayDigital Xbox XS,uruguaydigital,28,https://juegosdigitalesuruguay.com/categorias/xbox/juegos-xbox-series-xs?pagina=28,playwright,200,334135,"Juegos Digitales Uruguay | PS5, PS4, Xbox y Switch Baratos",,,cuarentena_raw/uruguaydigital_xbox_xs/p28_playwright_http200.html
2026-09-26T12:11:09.322238+00:00,UruguayDigital Xbox XS,uruguaydigital,29,https://juegosdigitalesuruguay.com/categorias/xbox/juegos-xbox-series-xs?pagina=29,playwright,200,334135,"Juegos Digitales Uruguay | PS5, PS4, Xbox y Switch Baratos",,,cuarentena_raw/uruguaydigital_xbox_xs/p29_playwright_http200.html
2026-09-26T12:11:14.600504+00:00,UruguayDigital Xbox XS,uruguaydigital,30,https://juegosdigitalesuruguay.com/categorias/xbox/juegos-xbox-series-xs?pagina=30,playwright,200,334175,"Juegos Digitales Uruguay | PS5, PS4, Xbox y Switch Baratos",,,cuarentena_raw/uruguaydigital_xbox_xs/p30_playwright_http200.html
2026-09-26T12:11:21.583138+00:00,UruguayDigital Xbox XS,RESUMEN,,,,,,,0,SIN PRODUCTOS / REQUIERE PARSER,
2026-09-26T12:11:29.412004+00:00,UYJuegos GiftCard Amazon,playwright,1,https://uruguayjuegosdigitales.com/product-category/gift-cards/tarjetas-de-regalo-amazon/,playwright,200,107196,TARJETAS DE REGALO AMAZON | Juegos digitales Uruguay,,,cuarentena_raw/uyjuegos_giftcard_amazon/p1_playwright_http200.html
2026-09-26T12:11:36.564138+00:00,UYJuegos GiftCard Amazon,playwright,2,https://uruguayjuegosdigitales.com/product-category/gift-cards/tarjetas-de-regalo-amazon/page/2/,playwright,404,82641,Page Not Found | Juegos digitales Uruguay,,HTTP 404,cuarentena_raw/uyjuegos_giftcard_amazon/p2_playwright_http404.html
2026-09-26T12:11:36.658403+00:00,UYJuegos GiftCard Amazon,RESUMEN,,,,,,,4,RECUPERADA,
2026-09-26T12:11:43.564856+00:00,UYJuegos GiftCard iTunes,playwright,1,https://uruguayjuegosdigitales.com/product-category/gift-cards/itunes/,playwright,200,115334,ITUNES | Juegos digitales Uruguay,,,cuarentena_raw/uyjuegos_giftcard_itunes/p1_playwright_http200.html
2026-09-26T12:11:49.710512+00:00,UYJuegos GiftCard iTunes,playwright,2,https://uruguayjuegosdigitales.com/product-category/gift-cards/itunes/page/2/,playwright,404,82624,Page Not Found | Juegos digitales Uruguay,,HTTP 404,cuarentena_raw/uyjuegos_giftcard_itunes/p2_playwright_http404.html
2026-09-26T12:11:49.811117+00:00,UYJuegos GiftCard iTunes,RESUMEN,,,,,,,7,RECUPERADA,
2026-09-26T12:11:58.792292+00:00,UYJuegos Nintendo2,playwright,1,https://uruguayjuegosdigitales.com/product-category/nintendo-switch-2,playwright,200,144414,NINTENDO SWITCH 2 | Juegos digitales Uruguay,,,cuarentena_raw/uyjuegos_nintendo2/p1_playwright_http200.html
2026-09-26T12:12:06.361503+00:00,UYJuegos Nintendo2,playwright,2,https://uruguayjuegosdigitales.com/product-category/nintendo-switch-2/page/2/,playwright,200,142161,NINTENDO SWITCH 2 | Juegos digitales Uruguay,,,cuarentena_raw/uyjuegos_nintendo2/p2_playwright_http200.html
2026-09-26T12:12:13.591417+00:00,UYJuegos Nintendo2,playwright,3,https://uruguayjuegosdigitales.com/product-category/nintendo-switch-2/page/3/,playwright,200,143352,NINTENDO SWITCH 2 | Juegos digitales Uruguay,,,cuarentena_raw/uyjuegos_nintendo2/p3_playwright_http200.html
2026-09-26T12:12:20.328220+00:00,UYJuegos Nintendo2,playwright,4,https://uruguayjuegosdigitales.com/product-category/nintendo-switch-2/page/4/,playwright,200,143689,NINTENDO SWITCH 2 | Juegos digitales Uruguay,,,cuarentena_raw/uyjuegos_nintendo2/p4_playwright_http200.html
2026-09-26T12:12:26.501287+00:00,UYJuegos Nintendo2,playwright,5,https://uruguayjuegosdigitales.com/product-category/nintendo-switch-2/page/5/,playwright,200,126099,NINTENDO SWITCH 2 | Juegos digitales Uruguay,,,cuarentena_raw/uyjuegos_nintendo2/p5_playwright_http200.html
2026-09-26T12:12:33.574894+00:00,UYJuegos Nintendo2,playwright,6,https://uruguayjuegosdigitales.com/product-category/nintendo-switch-2/page/6/,playwright,404,82630,Page Not Found | Juegos digitales Uruguay,,HTTP 404,cuarentena_raw/uyjuegos_nintendo2/p6_playwright_http404.html
2026-09-26T12:12:34.291728+00:00,UYJuegos Nintendo2,RESUMEN,,,,,,,71,RECUPERADA,
2026-09-26T12:12:41.044572+00:00,UYJuegos PC,playwright,1,https://uruguayjuegosdigitales.com/product-category/juegos-digitales-pc/todos-los-juegos-pc/,playwright,200,139309,JUEGOS DE PC | Juegos digitales Uruguay,,,cuarentena_raw/uyjuegos_pc/p1_playwright_http200.html
2026-09-26T12:12:48.228460+00:00,UYJuegos PC,playwright,2,https://uruguayjuegosdigitales.com/product-category/juegos-digitales-pc/todos-los-juegos-pc/page/2/,playwright,200,140128,JUEGOS DE PC | Juegos digitales Uruguay,,,cuarentena_raw/uyjuegos_pc/p2_playwright_http200.html
2026-09-26T12:12:55.301753+00:00,UYJuegos PC,playwright,3,https://uruguayjuegosdigitales.com/product-category/juegos-digitales-pc/todos-los-juegos-pc/page/3/,playwright,200,139439,JUEGOS DE PC | Juegos digitales Uruguay,,,cuarentena_raw/uyjuegos_pc/p3_playwright_http200.html
2026-09-26T12:13:02.398421+00:00,UYJuegos PC,playwright,4,https://uruguayjuegosdigitales.com/product-category/juegos-digitales-pc/todos-los-juegos-pc/page/4/,playwright,200,138957,JUEGOS DE PC | Juegos digitales Uruguay,,,cuarentena_raw/uyjuegos_pc/p4_playwright_http200.html
2026-09-26T12:13:08.917408+00:00,UYJuegos PC,playwright,5,https://uruguayjuegosdigitales.com/product-category/juegos-digitales-pc/todos-los-juegos-pc/page/5/,playwright,200,138891,JUEGOS DE PC | Juegos digitales Uruguay,,,cuarentena_raw/uyjuegos_pc/p5_playwright_http200.html
2026-09-26T12:13:15.864463+00:00,UYJuegos PC,playwright,6,https://uruguayjuegosdigitales.com/product-category/juegos-digitales-pc/todos-los-juegos-pc/page/6/,playwright,200,100038,JUEGOS DE PC | Juegos digitales Uruguay,,,cuarentena_raw/uyjuegos_pc/p6_playwright_http200.html
2026-09-26T12:13:22.059750+00:00,UYJuegos PC,playwright,7,https://uruguayjuegosdigitales.com/product-category/juegos-digitales-pc/todos-los-juegos-pc/page/7/,playwright,404,82644,Page Not Found | Juegos digitales Uruguay,,HTTP 404,cuarentena_raw/uyjuegos_pc/p7_playwright_http404.html
2026-09-26T12:13:22.878479+00:00,UYJuegos PC,RESUMEN,,,,,,,81,RECUPERADA,
2026-09-26T12:13:27.412135+00:00,UYJuegos PS4,playwright,1,https://uruguayjuegosdigitales.com/product-category/juegos-digitales-ps4/,playwright,200,141783,JUEGOS DIGITALES PS4 | Juegos digitales Uruguay,,,cuarentena_raw/uyjuegos_ps4/p1_playwright_http200.html
2026-09-26T12:13:33.945884+00:00,UYJuegos PS4,playwright,2,https://uruguayjuegosdigitales.com/product-category/juegos-digitales-ps4/page/2/,playwright,200,143246,JUEGOS DIGITALES PS4 | Juegos digitales Uruguay,,,cuarentena_raw/uyjuegos_ps4/p2_playwright_http200.html
2026-09-26T12:13:41.438396+00:00,UYJuegos PS4,playwright,3,https://uruguayjuegosdigitales.com/product-category/juegos-digitales-ps4/page/3/,playwright,200,139102,JUEGOS DIGITALES PS4 | Juegos digitales Uruguay,,,cuarentena_raw/uyjuegos_ps4/p3_playwright_http200.html
2026-09-26T12:13:48.650732+00:00,UYJuegos PS4,playwright,4,https://uruguayjuegosdigitales.com/product-category/juegos-digitales-ps4/page/4/,playwright,200,139180,JUEGOS DIGITALES PS4 | Juegos digitales Uruguay,,,cuarentena_raw/uyjuegos_ps4/p4_playwright_http200.html
2026-09-26T12:13:56.427007+00:00,UYJuegos PS4,playwright,5,https://uruguayjuegosdigitales.com/product-category/juegos-digitales-ps4/page/5/,playwright,200,142847,JUEGOS DIGITALES PS4 | Juegos digitales Uruguay,,,cuarentena_raw/uyjuegos_ps4/p5_playwright_http200.html
2026-09-26T12:14:03.644412+00:00,UYJuegos PS4,playwright,6,https://uruguayjuegosdigitales.com/product-category/juegos-digitales-ps4/page/6/,playwright,200,141160,JUEGOS DIGITALES PS4 | Juegos digitales Uruguay,,,cuarentena_raw/uyjuegos_ps4/p6_playwright_http200.html
2026-09-26T12:14:11.315220+00:00,UYJuegos PS4,playwright,7,https://uruguayjuegosdigitales.com/product-category/juegos-digitales-ps4/page/7/,playwright,200,138845,JUEGOS DIGITALES PS4 | Juegos digitales Uruguay,,,cuarentena_raw/uyjuegos_ps4/p7_playwright_http200.html
2026-09-26T12:14:17.980967+00:00,UYJuegos PS4,playwright,8,https://uruguayjuegosdigitales.com/product-category/juegos-digitales-ps4/page/8/,playwright,200,140379,JUEGOS DIGITALES PS4 | Juegos digitales Uruguay,,,cuarentena_raw/uyjuegos_ps4/p8_playwright_http200.html
2026-09-26T12:14:25.079394+00:00,UYJuegos PS4,playwright,9,https://uruguayjuegosdigitales.com/product-category/juegos-digitales-ps4/page/9/,playwright,200,141354,JUEGOS DIGITALES PS4 | Juegos digitales Uruguay,,,cuarentena_raw/uyjuegos_ps4/p9_playwright_http200.html
2026-09-26T12:14:32.287496+00:00,UYJuegos PS4,playwright,10,https://uruguayjuegosdigitales.com/product-category/juegos-digitales-ps4/page/10/,playwright,200,142342,JUEGOS DIGITALES PS4 | Juegos digitales Uruguay,,,cuarentena_raw/uyjuegos_ps4/p10_playwright_http200.html
2026-09-26T12:14:39.324465+00:00,UYJuegos PS4,playwright,11,https://uruguayjuegosdigitales.com/product-category/juegos-digitales-ps4/page/11/,playwright,200,141996,JUEGOS DIGITALES PS4 | Juegos digitales Uruguay,,,cuarentena_raw/uyjuegos_ps4/p11_playwright_http200.html
2026-09-26T12:14:46.050946+00:00,UYJuegos PS4,playwright,12,https://uruguayjuegosdigitales.com/product-category/juegos-digitales-ps4/page/12/,playwright,200,141775,JUEGOS DIGITALES PS4 | Juegos digitales Uruguay,,,cuarentena_raw/uyjuegos_ps4/p12_playwright_http200.html
2026-09-26T12:14:53.171938+00:00,UYJuegos PS4,playwright,13,https://uruguayjuegosdigitales.com/product-category/juegos-digitales-ps4/page/13/,playwright,200,140254,JUEGOS DIGITALES PS4 | Juegos digitales Uruguay,,,cuarentena_raw/uyjuegos_ps4/p13_playwright_http200.html
2026-09-26T12:14:59.905491+00:00,UYJuegos PS4,playwright,14,https://uruguayjuegosdigitales.com/product-category/juegos-digitales-ps4/page/14/,playwright,200,140690,JUEGOS DIGITALES PS4 | Juegos digitales Uruguay,,,cuarentena_raw/uyjuegos_ps4/p14_playwright_http200.html
2026-09-26T12:15:07.044643+00:00,UYJuegos PS4,playwright,15,https://uruguayjuegosdigitales.com/product-category/juegos-digitales-ps4/page/15/,playwright,200,139570,JUEGOS DIGITALES PS4 | Juegos digitales Uruguay,,,cuarentena_raw/uyjuegos_ps4/p15_playwright_http200.html
2026-09-26T12:15:13.970139+00:00,UYJuegos PS4,playwright,16,https://uruguayjuegosdigitales.com/product-category/juegos-digitales-ps4/page/16/,playwright,200,141440,JUEGOS DIGITALES PS4 | Juegos digitales Uruguay,,,cuarentena_raw/uyjuegos_ps4/p16_playwright_http200.html
2026-09-26T12:15:21.506909+00:00,UYJuegos PS4,playwright,17,https://uruguayjuegosdigitales.com/product-category/juegos-digitales-ps4/page/17/,playwright,200,140811,JUEGOS DIGITALES PS4 | Juegos digitales Uruguay,,,cuarentena_raw/uyjuegos_ps4/p17_playwright_http200.html
2026-09-26T12:15:28.354923+00:00,UYJuegos PS4,playwright,18,https://uruguayjuegosdigitales.com/product-category/juegos-digitales-ps4/page/18/,playwright,200,142595,JUEGOS DIGITALES PS4 | Juegos digitales Uruguay,,,cuarentena_raw/uyjuegos_ps4/p18_playwright_http200.html
2026-09-26T12:15:35.923477+00:00,UYJuegos PS4,playwright,19,https://uruguayjuegosdigitales.com/product-category/juegos-digitales-ps4/page/19/,playwright,200,142284,JUEGOS DIGITALES PS4 | Juegos digitales Uruguay,,,cuarentena_raw/uyjuegos_ps4/p19_playwright_http200.html
2026-09-26T12:15:43.106550+00:00,UYJuegos PS4,playwright,20,https://uruguayjuegosdigitales.com/product-category/juegos-digitales-ps4/page/20/,playwright,200,143056,JUEGOS DIGITALES PS4 | Juegos digitales Uruguay,,,cuarentena_raw/uyjuegos_ps4/p20_playwright_http200.html
2026-09-26T12:15:50.623951+00:00,UYJuegos PS4,playwright,21,https://uruguayjuegosdigitales.com/product-category/juegos-digitales-ps4/page/21/,playwright,200,140202,JUEGOS DIGITALES PS4 | Juegos digitales Uruguay,,,cuarentena_raw/uyjuegos_ps4/p21_playwright_http200.html
2026-09-26T12:15:57.792287+00:00,UYJuegos PS4,playwright,22,https://uruguayjuegosdigitales.com/product-category/juegos-digitales-ps4/page/22/,playwright,200,140665,JUEGOS DIGITALES PS4 | Juegos digitales Uruguay,,,cuarentena_raw/uyjuegos_ps4/p22_playwright_http200.html
2026-09-26T12:16:04.890742+00:00,UYJuegos PS4,playwright,23,https://uruguayjuegosdigitales.com/product-category/juegos-digitales-ps4/page/23/,playwright,200,143604,JUEGOS DIGITALES PS4 | Juegos digitales Uruguay,,,cuarentena_raw/uyjuegos_ps4/p23_playwright_http200.html
2026-09-26T12:16:12.444926+00:00,UYJuegos PS4,playwright,24,https://uruguayjuegosdigitales.com/product-category/juegos-digitales-ps4/page/24/,playwright,200,136226,JUEGOS DIGITALES PS4 | Juegos digitales Uruguay,,,cuarentena_raw/uyjuegos_ps4/p24_playwright_http200.html
2026-09-26T12:16:19.921913+00:00,UYJuegos PS4,playwright,25,https://uruguayjuegosdigitales.com/product-category/juegos-digitales-ps4/page/25/,playwright,200,137391,JUEGOS DIGITALES PS4 | Juegos digitales Uruguay,,,cuarentena_raw/uyjuegos_ps4/p25_playwright_http200.html
2026-09-26T12:16:27.192244+00:00,UYJuegos PS4,playwright,26,https://uruguayjuegosdigitales.com/product-category/juegos-digitales-ps4/page/26/,playwright,200,139507,JUEGOS DIGITALES PS4 | Juegos digitales Uruguay,,,cuarentena_raw/uyjuegos_ps4/p26_playwright_http200.html
2026-09-26T12:16:34.383234+00:00,UYJuegos PS4,playwright,27,https://uruguayjuegosdigitales.com/product-category/juegos-digitales-ps4/page/27/,playwright,200,139591,JUEGOS DIGITALES PS4 | Juegos digitales Uruguay,,,cuarentena_raw/uyjuegos_ps4/p27_playwright_http200.html
2026-09-26T12:16:41.263083+00:00,UYJuegos PS4,playwright,28,https://uruguayjuegosdigitales.com/product-category/juegos-digitales-ps4/page/28/,playwright,200,140581,JUEGOS DIGITALES PS4 | Juegos digitales Uruguay,,,cuarentena_raw/uyjuegos_ps4/p28_playwright_http200.html
2026-09-26T12:16:48.008284+00:00,UYJuegos PS4,playwright,29,https://uruguayjuegosdigitales.com/product-category/juegos-digitales-ps4/page/29/,playwright,200,138939,JUEGOS DIGITALES PS4 | Juegos digitales Uruguay,,,cuarentena_raw/uyjuegos_ps4/p29_playwright_http200.html
2026-09-26T12:16:55.034599+00:00,UYJuegos PS4,playwright,30,https://uruguayjuegosdigitales.com/product-category/juegos-digitales-ps4/page/30/,playwright,200,138428,JUEGOS DIGITALES PS4 | Juegos digitales Uruguay,,,cuarentena_raw/uyjuegos_ps4/p30_playwright_http200.html
2026-09-26T12:16:59.729876+00:00,UYJuegos PS4,RESUMEN,,,,,,,479,RECUPERADA,
2026-09-26T12:17:06.625307+00:00,UYJuegos PS4 VR,playwright,1,https://uruguayjuegosdigitales.com/product-category/juegos-digitales-ps4/vr/,playwright,200,137103,JUEGOS PS4 VR | Juegos digitales Uruguay,,,cuarentena_raw/uyjuegos_ps4_vr/p1_playwright_http200.html
2026-09-26T12:17:13.297178+00:00,UYJuegos PS4 VR,playwright,2,https://uruguayjuegosdigitales.com/product-category/juegos-digitales-ps4/vr/page/2/,playwright,200,117116,JUEGOS PS4 VR | Juegos digitales Uruguay,,,cuarentena_raw/uyjuegos_ps4_vr/p2_playwright_http200.html
2026-09-26T12:17:19.659808+00:00,UYJuegos PS4 VR,playwright,3,https://uruguayjuegosdigitales.com/product-category/juegos-digitales-ps4/vr/page/3/,playwright,404,82634,Page Not Found | Juegos digitales Uruguay,,HTTP 404,cuarentena_raw/uyjuegos_ps4_vr/p3_playwright_http404.html
2026-09-26T12:17:19.979588+00:00,UYJuegos PS4 VR,RESUMEN,,,,,,,23,RECUPERADA,
2026-09-26T12:17:27.026782+00:00,UYJuegos Xbox One,playwright,1,https://uruguayjuegosdigitales.com/product-category/juegos-digitales-xbox/juegos-digitales-xbox-one/,playwright,200,141758,JUEGOS DIGITALES XBOX ONE | Juegos digitales Uruguay,,,cuarentena_raw/uyjuegos_xbox_one/p1_playwright_http200.html
2026-09-26T12:17:34.229589+00:00,UYJuegos Xbox One,playwright,2,https://uruguayjuegosdigitales.com/product-category/juegos-digitales-xbox/juegos-digitales-xbox-one/page/2/,playwright,200,146343,JUEGOS DIGITALES XBOX ONE | Juegos digitales Uruguay,,,cuarentena_raw/uyjuegos_xbox_one/p2_playwright_http200.html
2026-09-26T12:17:40.893744+00:00,UYJuegos Xbox One,playwright,3,https://uruguayjuegosdigitales.com/product-category/juegos-digitales-xbox/juegos-digitales-xbox-one/page/3/,playwright,200,144885,JUEGOS DIGITALES XBOX ONE | Juegos digitales Uruguay,,,cuarentena_raw/uyjuegos_xbox_one/p3_playwright_http200.html
2026-09-26T12:17:48.125141+00:00,UYJuegos Xbox One,playwright,4,https://uruguayjuegosdigitales.com/product-category/juegos-digitales-xbox/juegos-digitales-xbox-one/page/4/,playwright,200,139902,JUEGOS DIGITALES XBOX ONE | Juegos digitales Uruguay,,,cuarentena_raw/uyjuegos_xbox_one/p4_playwright_http200.html
2026-09-26T12:17:54.952266+00:00,UYJuegos Xbox One,playwright,5,https://uruguayjuegosdigitales.com/product-category/juegos-digitales-xbox/juegos-digitales-xbox-one/page/5/,playwright,200,140799,JUEGOS DIGITALES XBOX ONE | Juegos digitales Uruguay,,,cuarentena_raw/uyjuegos_xbox_one/p5_playwright_http200.html
2026-09-26T12:18:01.954650+00:00,UYJuegos Xbox One,playwright,6,https://uruguayjuegosdigitales.com/product-category/juegos-digitales-xbox/juegos-digitales-xbox-one/page/6/,playwright,200,140601,JUEGOS DIGITALES XBOX ONE | Juegos digitales Uruguay,,,cuarentena_raw/uyjuegos_xbox_one/p6_playwright_http200.html
2026-09-26T12:18:09.155779+00:00,UYJuegos Xbox One,playwright,7,https://uruguayjuegosdigitales.com/product-category/juegos-digitales-xbox/juegos-digitales-xbox-one/page/7/,playwright,200,139828,JUEGOS DIGITALES XBOX ONE | Juegos digitales Uruguay,,,cuarentena_raw/uyjuegos_xbox_one/p7_playwright_http200.html
2026-09-26T12:18:15.865795+00:00,UYJuegos Xbox One,playwright,8,https://uruguayjuegosdigitales.com/product-category/juegos-digitales-xbox/juegos-digitales-xbox-one/page/8/,playwright,200,126225,JUEGOS DIGITALES XBOX ONE | Juegos digitales Uruguay,,,cuarentena_raw/uyjuegos_xbox_one/p8_playwright_http200.html
2026-09-26T12:18:22.210633+00:00,UYJuegos Xbox One,playwright,9,https://uruguayjuegosdigitales.com/product-category/juegos-digitales-xbox/juegos-digitales-xbox-one/page/9/,playwright,404,82660,Page Not Found | Juegos digitales Uruguay,,HTTP 404,cuarentena_raw/uyjuegos_xbox_one/p9_playwright_http404.html
2026-09-26T12:18:23.418324+00:00,UYJuegos Xbox One,RESUMEN,,,,,,,121,RECUPERADA,
2026-09-26T12:18:30.478773+00:00,UYJuegos Xbox XS,playwright,1,https://uruguayjuegosdigitales.com/product-category/juegos-digitales-xbox/juegos-digitales-xbox-series-x-s/,playwright,200,143024,JUEGOS DIGITALES XBOX SERIES X/S | Juegos digitales Uruguay,,,cuarentena_raw/uyjuegos_xbox_xs/p1_playwright_http200.html
2026-09-26T12:18:37.442273+00:00,UYJuegos Xbox XS,playwright,2,https://uruguayjuegosdigitales.com/product-category/juegos-digitales-xbox/juegos-digitales-xbox-series-x-s/page/2/,playwright,200,140935,JUEGOS DIGITALES XBOX SERIES X/S | Juegos digitales Uruguay,,,cuarentena_raw/uyjuegos_xbox_xs/p2_playwright_http200.html
2026-09-26T12:18:44.496310+00:00,UYJuegos Xbox XS,playwright,3,https://uruguayjuegosdigitales.com/product-category/juegos-digitales-xbox/juegos-digitales-xbox-series-x-s/page/3/,playwright,200,141141,JUEGOS DIGITALES XBOX SERIES X/S | Juegos digitales Uruguay,,,cuarentena_raw/uyjuegos_xbox_xs/p3_playwright_http200.html
2026-09-26T12:18:51.631453+00:00,UYJuegos Xbox XS,playwright,4,https://uruguayjuegosdigitales.com/product-category/juegos-digitales-xbox/juegos-digitales-xbox-series-x-s/page/4/,playwright,200,141212,JUEGOS DIGITALES XBOX SERIES X/S | Juegos digitales Uruguay,,,cuarentena_raw/uyjuegos_xbox_xs/p4_playwright_http200.html
2026-09-26T12:18:58.529022+00:00,UYJuegos Xbox XS,playwright,5,https://uruguayjuegosdigitales.com/product-category/juegos-digitales-xbox/juegos-digitales-xbox-series-x-s/page/5/,playwright,200,141201,JUEGOS DIGITALES XBOX SERIES X/S | Juegos digitales Uruguay,,,cuarentena_raw/uyjuegos_xbox_xs/p5_playwright_http200.html
2026-09-26T12:19:05.610163+00:00,UYJuegos Xbox XS,playwright,6,https://uruguayjuegosdigitales.com/product-category/juegos-digitales-xbox/juegos-digitales-xbox-series-x-s/page/6/,playwright,200,140508,JUEGOS DIGITALES XBOX SERIES X/S | Juegos digitales Uruguay,,,cuarentena_raw/uyjuegos_xbox_xs/p6_playwright_http200.html
2026-09-26T12:19:12.793898+00:00,UYJuegos Xbox XS,playwright,7,https://uruguayjuegosdigitales.com/product-category/juegos-digitales-xbox/juegos-digitales-xbox-series-x-s/page/7/,playwright,200,107074,JUEGOS DIGITALES XBOX SERIES X/S | Juegos digitales Uruguay,,,cuarentena_raw/uyjuegos_xbox_xs/p7_playwright_http200.html
2026-09-26T12:19:19.684475+00:00,UYJuegos Xbox XS,playwright,8,https://uruguayjuegosdigitales.com/product-category/juegos-digitales-xbox/juegos-digitales-xbox-series-x-s/page/8/,playwright,404,82667,Page Not Found | Juegos digitales Uruguay,,HTTP 404,cuarentena_raw/uyjuegos_xbox_xs/p8_playwright_http404.html
2026-09-26T12:19:20.678240+00:00,UYJuegos Xbox XS,RESUMEN,,,,,,,99,RECUPERADA,
2026-09-26T12:19:20.745369+00:00,WebGame GiftCards,woocommerce,1,https://web-game.net/categoria/gift-card/,requests,403,5548,Just a moment...,,HTTP 403,cuarentena_raw/webgame_giftcards/p1_http403.html
2026-09-26T12:19:26.994140+00:00,WebGame GiftCards,playwright,1,https://web-game.net/categoria/gift-card/,playwright,200,286990,Gift Card - Web Game,,,cuarentena_raw/webgame_giftcards/p1_playwright_http200.html
2026-09-26T12:19:31.116336+00:00,WebGame GiftCards,playwright,2,https://web-game.net/categoria/gift-card/page/2/,playwright,403,28523,Un momento…,,HTTP 403,cuarentena_raw/webgame_giftcards/p2_playwright_http403.html
2026-09-26T12:19:31.225123+00:00,WebGame GiftCards,RESUMEN,,,,,,,12,RECUPERADA,
2026-09-26T12:19:31.259598+00:00,WebGame PS4,woocommerce,1,https://web-game.net/categoria/juegos-ps4/,requests,403,5551,Just a moment...,,HTTP 403,cuarentena_raw/webgame_ps4/p1_http403.html
2026-09-26T12:19:35.296774+00:00,WebGame PS4,playwright,1,https://web-game.net/categoria/juegos-ps4/,playwright,403,28505,Un momento…,,HTTP 403,cuarentena_raw/webgame_ps4/p1_playwright_http403.html
2026-09-26T12:19:35.296904+00:00,WebGame PS4,RESUMEN,,,,,,,0,SIN PRODUCTOS / REQUIERE PARSER,
2026-09-26T12:19:35.339804+00:00,WebGame PS5,woocommerce,1,https://web-game.net/categoria/juegos-ps5/,requests,403,5551,Just a moment...,,HTTP 403,cuarentena_raw/webgame_ps5/p1_http403.html
2026-09-26T12:19:39.373292+00:00,WebGame PS5,playwright,1,https://web-game.net/categoria/juegos-ps5/,playwright,403,28505,Un momento…,,HTTP 403,cuarentena_raw/webgame_ps5/p1_playwright_http403.html
2026-09-26T12:19:39.373426+00:00,WebGame PS5,RESUMEN,,,,,,,0,SIN PRODUCTOS / REQUIERE PARSER,
2026-09-26T12:19:39.374982+00:00,ZonaDigital Apple,zonadigital,1,zonadigitalmd.com/productos/giftcardappleusa,playwright,,,,,"EXCEPCION: Page.goto: Protocol error (Page.navigate): Cannot navigate to invalid URL
Call log:
  - navigating to ""zonadigitalmd.com/productos/giftcardappleusa"", waiting until ""networkidle""
",
2026-09-26T12:19:39.375048+00:00,ZonaDigital Apple,RESUMEN,,,,,,,0,SIN PRODUCTOS / REQUIERE PARSER,
2026-09-26T12:19:39.376162+00:00,ZonaDigital Fortnite,zonadigital,1,zonadigitalmd.com/productos/cargafortnite,playwright,,,,,"EXCEPCION: Page.goto: Protocol error (Page.navigate): Cannot navigate to invalid URL
Call log:
  - navigating to ""zonadigitalmd.com/productos/cargafortnite"", waiting until ""networkidle""
",
2026-09-26T12:19:39.376207+00:00,ZonaDigital Fortnite,RESUMEN,,,,,,,0,SIN PRODUCTOS / REQUIERE PARSER,
